mapname,rate_walk,rate_surf,rate_smash,rate_oldrod,rate_goodrod,rate_superrod,land_lvl0,land_lvl1,land_lvl2,land_lvl3,land_lvl4,land_lvl5,land_lvl6,land_lvl7,land_lvl8,land_lvl9,land_lvl10,land_lvl11,land_species_morn0,land_species_morn1,land_species_morn2,land_species_morn3,land_species_morn4,land_species_morn5,land_species_morn6,land_species_morn7,land_species_morn8,land_species_morn9,land_species_morn10,land_species_morn11,land_species_day0,land_species_day1,land_species_day2,land_species_day3,land_species_day4,land_species_day5,land_species_day6,land_species_day7,land_species_day8,land_species_day9,land_species_day10,land_species_day11,land_species_nite0,land_species_nite1,land_species_nite2,land_species_nite3,land_species_nite4,land_species_nite5,land_species_nite6,land_species_nite7,land_species_nite8,land_species_nite9,land_species_nite10,land_species_nite11,hoenn1,hoenn2,sinnoh1,sinnoh2,lvl_min_surf0,lvl_max_surf0,species_surf0,lvl_min_surf1,lvl_max_surf1,species_surf1,lvl_min_surf2,lvl_max_surf2,species_surf2,lvl_min_surf3,lvl_max_surf3,species_surf3,lvl_min_surf4,lvl_max_surf4,species_surf4,lvl_min_smash0,lvl_max_smash0,species_smash0,lvl_min_smash1,lvl_max_smash1,species_smash1,lvl_min_oldrod0,lvl_max_oldrod0,species_oldrod0,lvl_min_oldrod1,lvl_max_oldrod1,species_oldrod1,lvl_min_oldrod2,lvl_max_oldrod2,species_oldrod2,lvl_min_oldrod3,lvl_max_oldrod3,species_oldrod3,lvl_min_oldrod4,lvl_max_oldrod4,species_oldrod4,lvl_min_goodrod0,lvl_max_goodrod0,species_goodrod0,lvl_min_goodrod1,lvl_max_goodrod1,species_goodrod1,lvl_min_goodrod2,lvl_max_goodrod2,species_goodrod2,lvl_min_goodrod3,lvl_max_goodrod3,species_goodrod3,lvl_min_goodrod4,lvl_max_goodrod4,species_goodrod4,lvl_min_superrod0,lvl_max_superrod0,species_superrod0,lvl_min_superrod1,lvl_max_superrod1,species_superrod1,lvl_min_superrod2,lvl_max_superrod2,species_superrod2,lvl_min_superrod3,lvl_max_superrod3,species_superrod3,lvl_min_superrod4,lvl_max_superrod4,species_superrod4,swarm_species0,swarm_species1,swarm_species2,swarm_species3
T20,0,15,0,25,50,75,0,0,0,0,0,0,0,0,0,0,0,0,SPECIES_NONE,SPECIES_NONE,SPECIES_NONE,SPECIES_NONE,SPECIES_NONE,SPECIES_NONE,SPECIES_NONE,SPECIES_NONE,SPECIES_NONE,SPECIES_NONE,SPECIES_NONE,SPECIES_NONE,SPECIES_NONE,SPECIES_NONE,SPECIES_NONE,SPECIES_NONE,SPECIES_NONE,SPECIES_NONE,SPECIES_NONE,SPECIES_NONE,SPECIES_NONE,SPECIES_NONE,SPECIES_NONE,SPECIES_NONE,SPECIES_NONE,SPECIES_NONE,SPECIES_NONE,SPECIES_NONE,SPECIES_NONE,SPECIES_NONE,SPECIES_NONE,SPECIES_NONE,SPECIES_NONE,SPECIES_NONE,SPECIES_NONE,SPECIES_NONE,SPECIES_NONE,SPECIES_NONE,SPECIES_NONE,SPECIES_NONE,15,25,SPECIES_TENTACOOL,10,20,SPECIES_TENTACOOL,15,25,SPECIES_TENTACRUEL,15,25,SPECIES_TENTACRUEL,15,25,SPECIES_TENTACRUEL,0,0,SPECIES_NONE,0,0,SPECIES_NONE,10,10,SPECIES_MAGIKARP,10,10,SPECIES_MAGIKARP,10,10,SPECIES_MAGIKARP,10,10,SPECIES_TENTACOOL,10,10,SPECIES_TENTACOOL,20,20,SPECIES_MAGIKARP,20,20,SPECIES_TENTACOOL,20,20,SPECIES_CHINCHOU,20,20,SPECIES_SHELLDER,20,20,SPECIES_CHINCHOU,40,40,SPECIES_CHINCHOU,40,40,SPECIES_SHELLDER,40,40,SPECIES_TENTACRUEL,40,40,SPECIES_LANTURN,40,40,SPECIES_TENTACRUEL,SPECIES_NONE,SPECIES_TENTACOOL,SPECIES_SHELLDER,SPECIES_MAGIKARP
R29,25,0,0,0,0,0,2,3,2,3,3,3,2,2,4,4,4,4,SPECIES_PIDGEY,SPECIES_SENTRET,SPECIES_PIDGEY,SPECIES_SENTRET,SPECIES_PIDGEY,SPECIES_PIDGEY,SPECIES_SENTRET,SPECIES_SENTRET,SPECIES_RATTATA,SPECIES_PIDGEY,SPECIES_RATTATA,SPECIES_PIDGEY,SPECIES_PIDGEY,SPECIES_SENTRET,SPECIES_PIDGEY,SPECIES_SENTRET,SPECIES_PIDGEY,SPECIES_PIDGEY,SPECIES_SENTRET,SPECIES_SENTRET,SPECIES_RATTATA,SPECIES_PIDGEY,SPECIES_RATTATA,SPECIES_PIDGEY,SPECIES_HOOTHOOT,SPECIES_HOOTHOOT,SPECIES_HOOTHOOT,SPECIES_HOOTHOOT,SPECIES_HOOTHOOT,SPECIES_HOOTHOOT,SPECIES_RATTATA,SPECIES_RATTATA,SPECIES_RATTATA,SPECIES_HOOTHOOT,SPECIES_RATTATA,SPECIES_HOOTHOOT,SPECIES_PLUSLE,SPECIES_MINUN,SPECIES_SHINX,SPECIES_SHINX,0,0,SPECIES_NONE,0,0,SPECIES_NONE,0,0,SPECIES_NONE,0,0,SPECIES_NONE,0,0,SPECIES_NONE,0,0,SPECIES_NONE,0,0,SPECIES_NONE,0,0,SPECIES_NONE,0,0,SPECIES_NONE,0,0,SPECIES_NONE,0,0,SPECIES_NONE,0,0,SPECIES_NONE,0,0,SPECIES_NONE,0,0,SPECIES_NONE,0,0,SPECIES_NONE,0,0,SPECIES_NONE,0,0,SPECIES_NONE,0,0,SPECIES_NONE,0,0,SPECIES_NONE,0,0,SPECIES_NONE,0,0,SPECIES_NONE,0,0,SPECIES_NONE,SPECIES_PIDGEY,SPECIES_NONE,SPECIES_NONE,SPECIES_NONE
T21,0,15,0,25,50,75,0,0,0,0,0,0,0,0,0,0,0,0,SPECIES_NONE,SPECIES_NONE,SPECIES_NONE,SPECIES_NONE,SPECIES_NONE,SPECIES_NONE,SPECIES_NONE,SPECIES_NONE,SPECIES_NONE,SPECIES_NONE,SPECIES_NONE,SPECIES_NONE,SPECIES_NONE,SPECIES_NONE,SPECIES_NONE,SPECIES_NONE,SPECIES_NONE,SPECIES_NONE,SPECIES_NONE,SPECIES_NONE,SPECIES_NONE,SPECIES_NONE,SPECIES_NONE,SPECIES_NONE,SPECIES_NONE,SPECIES_NONE,SPECIES_NONE,SPECIES_NONE,SPECIES_NONE,SPECIES_NONE,SPECIES_NONE,SPECIES_NONE,SPECIES_NONE,SPECIES_NONE,SPECIES_NONE,SPECIES_NONE,SPECIES_NONE,SPECIES_NONE,SPECIES_NONE,SPECIES_NONE,15,25,SPECIES_TENTACOOL,10,20,SPECIES_TENTACOOL,15,25,SPECIES_TENTACRUEL,15,25,SPECIES_TENTACRUEL,15,25,SPECIES_TENTACRUEL,0,0,SPECIES_NONE,0,0,SPECIES_NONE,10,10,SPECIES_MAGIKARP,10,10,SPECIES_MAGIKARP,10,10,SPECIES_MAGIKARP,10,10,SPECIES_KRABBY,10,10,SPECIES_KRABBY,20,20,SPECIES_MAGIKARP,20,20,SPECIES_KRABBY,20,20,SPECIES_KRABBY,20,20,SPECIES_CORSOLA,20,20,SPECIES_KRABBY,40,40,SPECIES_KRABBY,40,40,SPECIES_CORSOLA,40,40,SPECIES_KRABBY,40,40,SPECIES_KINGLER,40,40,SPECIES_KRABBY,SPECIES_NONE,SPECIES_TENTACOOL,SPECIES_STARYU,SPECIES_MAGIKARP
R30,25,15,0,25,50,75,3,4,4,5,4,5,6,6,5,6,6,6,SPECIES_PIDGEY,SPECIES_RATTATA,SPECIES_PIDGEY,SPECIES_RATTATA,SPECIES_CATERPIE,SPECIES_CATERPIE,SPECIES_WEEDLE,SPECIES_CATERPIE,SPECIES_BELLSPROUT,SPECIES_BELLSPROUT,SPECIES_BELLSPROUT,SPECIES_BELLSPROUT,SPECIES_PIDGEY,SPECIES_RATTATA,SPECIES_PIDGEY,SPECIES_RATTATA,SPECIES_CATERPIE,SPECIES_WEEDLE,SPECIES_WEEDLE,SPECIES_CATERPIE,SPECIES_BELLSPROUT,SPECIES_BELLSPROUT,SPECIES_BELLSPROUT,SPECIES_BELLSPROUT,SPECIES_HOOTHOOT,SPECIES_RATTATA,SPECIES_HOOTHOOT,SPECIES_RATTATA,SPECIES_SPINARAK,SPECIES_SPINARAK,SPECIES_SPINARAK,SPECIES_SPINARAK,SPECIES_BELLSPROUT,SPECIES_BELLSPROUT,SPECIES_BELLSPROUT,SPECIES_BELLSPROUT,SPECIES_WHISMUR,SPECIES_LINOONE,SPECIES_BUIZEL,SPECIES_BIDOOF,15,25,SPECIES_POLIWAG,10,20,SPECIES_POLIWAG,15,25,SPECIES_POLIWHIRL,15,25,SPECIES_POLIWHIRL,32,32,SPECIES_POLIWHIRL,0,0,SPECIES_NONE,0,0,SPECIES_NONE,10,10,SPECIES_MAGIKARP,10,10,SPECIES_MAGIKARP,10,10,SPECIES_MAGIKARP,10,10,SPECIES_POLIWAG,10,10,SPECIES_POLIWAG,20,20,SPECIES_MAGIKARP,20,20,SPECIES_POLIWAG,20,20,SPECIES_POLIWAG,20,20,SPECIES_POLIWAG,20,20,SPECIES_POLIWAG,40,40,SPECIES_POLIWAG,40,40,SPECIES_POLIWAG,40,40,SPECIES_MAGIKARP,40,40,SPECIES_POLIWAG,40,40,SPECIES_MAGIKARP,SPECIES_PIDGEY,SPECIES_POLIWAG,SPECIES_POLIWAG,SPECIES_MAGIKARP
R31,25,15,0,25,50,75,5,6,6,7,6,7,6,7,6,7,7,7,SPECIES_BELLSPROUT,SPECIES_PIDGEY,SPECIES_BELLSPROUT,SPECIES_PIDGEY,SPECIES_RATTATA,SPECIES_RATTATA,SPECIES_CATERPIE,SPECIES_WEEDLE,SPECIES_CATERPIE,SPECIES_WEEDLE,SPECIES_CATERPIE,SPECIES_WEEDLE,SPECIES_BELLSPROUT,SPECIES_PIDGEY,SPECIES_BELLSPROUT,SPECIES_PIDGEY,SPECIES_RATTATA,SPECIES_RATTATA,SPECIES_CATERPIE,SPECIES_WEEDLE,SPECIES_CATERPIE,SPECIES_WEEDLE,SPECIES_CATERPIE,SPECIES_WEEDLE,SPECIES_BELLSPROUT,SPECIES_HOOTHOOT,SPECIES_BELLSPROUT,SPECIES_HOOTHOOT,SPECIES_RATTATA,SPECIES_RATTATA,SPECIES_GASTLY,SPECIES_GASTLY,SPECIES_GASTLY,SPECIES_GASTLY,SPECIES_GASTLY,SPECIES_GASTLY,SPECIES_WHISMUR,SPECIES_LINOONE,SPECIES_BUIZEL,SPECIES_BIDOOF,15,25,SPECIES_POLIWAG,10,20,SPECIES_POLIWAG,15,25,SPECIES_POLIWHIRL,15,25,SPECIES_POLIWHIRL,32,32,SPECIES_POLIWHIRL,0,0,SPECIES_NONE,0,0,SPECIES_NONE,10,10,SPECIES_MAGIKARP,10,10,SPECIES_MAGIKARP,10,10,SPECIES_MAGIKARP,10,10,SPECIES_POLIWAG,10,10,SPECIES_POLIWAG,20,20,SPECIES_MAGIKARP,20,20,SPECIES_POLIWAG,20,20,SPECIES_POLIWAG,20,20,SPECIES_POLIWAG,20,20,SPECIES_POLIWAG,40,40,SPECIES_POLIWAG,40,40,SPECIES_POLIWAG,40,40,SPECIES_MAGIKARP,40,40,SPECIES_POLIWAG,40,40,SPECIES_MAGIKARP,SPECIES_PIDGEY,SPECIES_POLIWAG,SPECIES_POLIWAG,SPECIES_MAGIKARP
T22,0,15,0,25,50,75,0,0,0,0,0,0,0,0,0,0,0,0,SPECIES_NONE,SPECIES_NONE,SPECIES_NONE,SPECIES_NONE,SPECIES_NONE,SPECIES_NONE,SPECIES_NONE,SPECIES_NONE,SPECIES_NONE,SPECIES_NONE,SPECIES_NONE,SPECIES_NONE,SPECIES_NONE,SPECIES_NONE,SPECIES_NONE,SPECIES_NONE,SPECIES_NONE,SPECIES_NONE,SPECIES_NONE,SPECIES_NONE,SPECIES_NONE,SPECIES_NONE,SPECIES_NONE,SPECIES_NONE,SPECIES_NONE,SPECIES_NONE,SPECIES_NONE,SPECIES_NONE,SPECIES_NONE,SPECIES_NONE,SPECIES_NONE,SPECIES_NONE,SPECIES_NONE,SPECIES_NONE,SPECIES_NONE,SPECIES_NONE,SPECIES_NONE,SPECIES_NONE,SPECIES_NONE,SPECIES_NONE,15,25,SPECIES_POLIWAG,10,20,SPECIES_POLIWAG,15,25,SPECIES_POLIWHIRL,15,25,SPECIES_POLIWHIRL,15,25,SPECIES_POLIWHIRL,0,0,SPECIES_NONE,0,0,SPECIES_NONE,10,10,SPECIES_MAGIKARP,10,10,SPECIES_MAGIKARP,10,10,SPECIES_MAGIKARP,10,10,SPECIES_POLIWAG,10,10,SPECIES_POLIWAG,20,20,SPECIES_MAGIKARP,20,20,SPECIES_POLIWAG,20,20,SPECIES_POLIWAG,20,20,SPECIES_POLIWAG,20,20,SPECIES_POLIWAG,40,40,SPECIES_POLIWAG,40,40,SPECIES_POLIWAG,40,40,SPECIES_MAGIKARP,40,40,SPECIES_POLIWAG,40,40,SPECIES_MAGIKARP,SPECIES_NONE,SPECIES_POLIWAG,SPECIES_POLIWAG,SPECIES_WHISCASH
D15R0102,5,0,0,0,0,0,9,10,10,11,9,10,11,12,11,12,12,12,SPECIES_GASTLY,SPECIES_GASTLY,SPECIES_GASTLY,SPECIES_GASTLY,SPECIES_RATTATA,SPECIES_RATTATA,SPECIES_GASTLY,SPECIES_GASTLY,SPECIES_RATTATA,SPECIES_GASTLY,SPECIES_GASTLY,SPECIES_GASTLY,SPECIES_GASTLY,SPECIES_GASTLY,SPECIES_GASTLY,SPECIES_GASTLY,SPECIES_RATTATA,SPECIES_RATTATA,SPECIES_GASTLY,SPECIES_GASTLY,SPECIES_RATTATA,SPECIES_GASTLY,SPECIES_GASTLY,SPECIES_GASTLY,SPECIES_GASTLY,SPECIES_GASTLY,SPECIES_GASTLY,SPECIES_GASTLY,SPECIES_RATTATA,SPECIES_RATTATA,SPECIES_GASTLY,SPECIES_GASTLY,SPECIES_RATTATA,SPECIES_GASTLY,SPECIES_GASTLY,SPECIES_GASTLY,SPECIES_ZIGZAGOON,SPECIES_SPINDA,SPECIES_CHATOT,SPECIES_MEDITITE,0,0,SPECIES_NONE,0,0,SPECIES_NONE,0,0,SPECIES_NONE,0,0,SPECIES_NONE,0,0,SPECIES_NONE,0,0,SPECIES_NONE,0,0,SPECIES_NONE,0,0,SPECIES_NONE,0,0,SPECIES_NONE,0,0,SPECIES_NONE,0,0,SPECIES_NONE,0,0,SPECIES_NONE,0,0,SPECIES_NONE,0,0,SPECIES_NONE,0,0,SPECIES_NONE,0,0,SPECIES_NONE,0,0,SPECIES_NONE,0,0,SPECIES_NONE,0,0,SPECIES_NONE,0,0,SPECIES_NONE,0,0,SPECIES_NONE,0,0,SPECIES_NONE,SPECIES_RATTATA,SPECIES_NONE,SPECIES_NONE,SPECIES_NONE
D15R0103,5,0,0,0,0,0,10,11,10,11,9,10,11,12,11,12,12,12,SPECIES_GASTLY,SPECIES_GASTLY,SPECIES_GASTLY,SPECIES_GASTLY,SPECIES_RATTATA,SPECIES_RATTATA,SPECIES_GASTLY,SPECIES_GASTLY,SPECIES_RATTATA,SPECIES_GASTLY,SPECIES_GASTLY,SPECIES_GASTLY,SPECIES_GASTLY,SPECIES_GASTLY,SPECIES_GASTLY,SPECIES_GASTLY,SPECIES_RATTATA,SPECIES_RATTATA,SPECIES_GASTLY,SPECIES_GASTLY,SPECIES_RATTATA,SPECIES_GASTLY,SPECIES_GASTLY,SPECIES_GASTLY,SPECIES_GASTLY,SPECIES_GASTLY,SPECIES_GASTLY,SPECIES_GASTLY,SPECIES_RATTATA,SPECIES_RATTATA,SPECIES_GASTLY,SPECIES_GASTLY,SPECIES_RATTATA,SPECIES_GASTLY,SPECIES_GASTLY,SPECIES_GASTLY,SPECIES_ZIGZAGOON,SPECIES_SPINDA,SPECIES_CHATOT,SPECIES_MEDITITE,0,0,SPECIES_NONE,0,0,SPECIES_NONE,0,0,SPECIES_NONE,0,0,SPECIES_NONE,0,0,SPECIES_NONE,0,0,SPECIES_NONE,0,0,SPECIES_NONE,0,0,SPECIES_NONE,0,0,SPECIES_NONE,0,0,SPECIES_NONE,0,0,SPECIES_NONE,0,0,SPECIES_NONE,0,0,SPECIES_NONE,0,0,SPECIES_NONE,0,0,SPECIES_NONE,0,0,SPECIES_NONE,0,0,SPECIES_NONE,0,0,SPECIES_NONE,0,0,SPECIES_NONE,0,0,SPECIES_NONE,0,0,SPECIES_NONE,0,0,SPECIES_NONE,SPECIES_RATTATA,SPECIES_NONE,SPECIES_NONE,SPECIES_NONE
R32,25,15,0,25,50,75,10,11,11,12,11,12,12,13,11,12,13,13,SPECIES_MAREEP,SPECIES_HOPPIP,SPECIES_MAREEP,SPECIES_HOPPIP,SPECIES_EKANS,SPECIES_EKANS,SPECIES_EKANS,SPECIES_EKANS,SPECIES_WOOPER,SPECIES_WOOPER,SPECIES_WOOPER,SPECIES_WOOPER,SPECIES_MAREEP,SPECIES_HOPPIP,SPECIES_MAREEP,SPECIES_HOPPIP,SPECIES_EKANS,SPECIES_EKANS,SPECIES_EKANS,SPECIES_EKANS,SPECIES_WOOPER,SPECIES_WOOPER,SPECIES_WOOPER,SPECIES_WOOPER,SPECIES_MAREEP,SPECIES_WOOPER,SPECIES_MAREEP,SPECIES_WOOPER,SPECIES_RATTATA,SPECIES_RATTATA,SPECIES_RATTATA,SPECIES_RATTATA,SPECIES_GASTLY,SPECIES_GASTLY,SPECIES_GASTLY,SPECIES_GASTLY,SPECIES_WHISMUR,SPECIES_LINOONE,SPECIES_BUIZEL,SPECIES_BIDOOF,10,20,SPECIES_TENTACOOL,15,25,SPECIES_QUAGSIRE,15,25,SPECIES_TENTACRUEL,15,25,SPECIES_TENTACRUEL,36,36,SPECIES_TENTACRUEL,0,0,SPECIES_NONE,0,0,SPECIES_NONE,10,10,SPECIES_MAGIKARP,10,10,SPECIES_MAGIKARP,10,10,SPECIES_MAGIKARP,10,10,SPECIES_TENTACOOL,10,10,SPECIES_TENTACOOL,20,20,SPECIES_MAGIKARP,20,20,SPECIES_TENTACOOL,20,20,SPECIES_TENTACOOL,20,20,SPECIES_TENTACOOL,20,20,SPECIES_QWILFISH,40,40,SPECIES_TENTACOOL,40,40,SPECIES_TENTACOOL,40,40,SPECIES_MAGIKARP,40,40,SPECIES_QWILFISH,40,40,SPECIES_MAGIKARP,SPECIES_BELLSPROUT,SPECIES_TENTACOOL,SPECIES_TENTACOOL,SPECIES_QWILFISH
D24R0101,10,10,20,25,50,75,20,22,20,22,18,18,24,24,20,22,20,22,SPECIES_NATU,SPECIES_NATU,SPECIES_NATU,SPECIES_NATU,SPECIES_NATU,SPECIES_NATU,SPECIES_NATU,SPECIES_NATU,SPECIES_SMEARGLE,SPECIES_SMEARGLE,SPECIES_SMEARGLE,SPECIES_SMEARGLE,SPECIES_NATU,SPECIES_NATU,SPECIES_NATU,SPECIES_NATU,SPECIES_NATU,SPECIES_NATU,SPECIES_NATU,SPECIES_NATU,SPECIES_SMEARGLE,SPECIES_SMEARGLE,SPECIES_SMEARGLE,SPECIES_SMEARGLE,SPECIES_NATU,SPECIES_NATU,SPECIES_NATU,SPECIES_NATU,SPECIES_NATU,SPECIES_NATU,SPECIES_NATU,SPECIES_NATU,SPECIES_SMEARGLE,SPECIES_SMEARGLE,SPECIES_SMEARGLE,SPECIES_SMEARGLE,SPECIES_WHISMUR,SPECIES_LINOONE,SPECIES_BUIZEL,SPECIES_BIDOOF,10,20,SPECIES_WOOPER,15,25,SPECIES_QUAGSIRE,10,20,SPECIES_QUAGSIRE,10,20,SPECIES_QUAGSIRE,10,20,SPECIES_QUAGSIRE,8,14,SPECIES_GEODUDE,3,6,SPECIES_GEODUDE,10,10,SPECIES_MAGIKARP,10,10,SPECIES_MAGIKARP,10,10,SPECIES_MAGIKARP,10,10,SPECIES_POLIWAG,10,10,SPECIES_POLIWAG,20,20,SPECIES_MAGIKARP,20,20,SPECIES_POLIWAG,20,20,SPECIES_POLIWAG,20,20,SPECIES_POLIWAG,20,20,SPECIES_POLIWAG,40,40,SPECIES_POLIWAG,40,40,SPECIES_POLIWAG,40,40,SPECIES_MAGIKARP,40,40,SPECIES_POLIWAG,40,40,SPECIES_MAGIKARP,SPECIES_NATU,SPECIES_WOOPER,SPECIES_POLIWAG,SPECIES_MAGIKARP
D24R0205,15,0,0,0,0,0,5,5,5,5,5,5,5,5,5,5,5,5,SPECIES_UNOWN,SPECIES_UNOWN,SPECIES_UNOWN,SPECIES_UNOWN,SPECIES_UNOWN,SPECIES_UNOWN,SPECIES_UNOWN,SPECIES_UNOWN,SPECIES_UNOWN,SPECIES_UNOWN,SPECIES_UNOWN,SPECIES_UNOWN,SPECIES_UNOWN,SPECIES_UNOWN,SPECIES_UNOWN,SPECIES_UNOWN,SPECIES_UNOWN,SPECIES_UNOWN,SPECIES_UNOWN,SPECIES_UNOWN,SPECIES_UNOWN,SPECIES_UNOWN,SPECIES_UNOWN,SPECIES_UNOWN,SPECIES_UNOWN,SPECIES_UNOWN,SPECIES_UNOWN,SPECIES_UNOWN,SPECIES_UNOWN,SPECIES_UNOWN,SPECIES_UNOWN,SPECIES_UNOWN,SPECIES_UNOWN,SPECIES_UNOWN,SPECIES_UNOWN,SPECIES_UNOWN,SPECIES_UNOWN,SPECIES_UNOWN,SPECIES_UNOWN,SPECIES_UNOWN,0,0,SPECIES_NONE,0,0,SPECIES_NONE,0,0,SPECIES_NONE,0,0,SPECIES_NONE,0,0,SPECIES_NONE,0,0,SPECIES_NONE,0,0,SPECIES_NONE,0,0,SPECIES_NONE,0,0,SPECIES_NONE,0,0,SPECIES_NONE,0,0,SPECIES_NONE,0,0,SPECIES_NONE,0,0,SPECIES_NONE,0,0,SPECIES_NONE,0,0,SPECIES_NONE,0,0,SPECIES_NONE,0,0,SPECIES_NONE,0,0,SPECIES_NONE,0,0,SPECIES_NONE,0,0,SPECIES_NONE,0,0,SPECIES_NONE,0,0,SPECIES_NONE,SPECIES_UNOWN,SPECIES_NONE,SPECIES_NONE,SPECIES_NONE
D24R0216,15,0,0,0,0,0,5,5,5,5,5,5,5,5,5,5,5,5,SPECIES_UNOWN,SPECIES_UNOWN,SPECIES_UNOWN,SPECIES_UNOWN,SPECIES_UNOWN,SPECIES_UNOWN,SPECIES_UNOWN,SPECIES_UNOWN,SPECIES_UNOWN,SPECIES_UNOWN,SPECIES_UNOWN,SPECIES_UNOWN,SPECIES_UNOWN,SPECIES_UNOWN,SPECIES_UNOWN,SPECIES_UNOWN,SPECIES_UNOWN,SPECIES_UNOWN,SPECIES_UNOWN,SPECIES_UNOWN,SPECIES_UNOWN,SPECIES_UNOWN,SPECIES_UNOWN,SPECIES_UNOWN,SPECIES_UNOWN,SPECIES_UNOWN,SPECIES_UNOWN,SPECIES_UNOWN,SPECIES_UNOWN,SPECIES_UNOWN,SPECIES_UNOWN,SPECIES_UNOWN,SPECIES_UNOWN,SPECIES_UNOWN,SPECIES_UNOWN,SPECIES_UNOWN,SPECIES_UNOWN,SPECIES_UNOWN,SPECIES_UNOWN,SPECIES_UNOWN,0,0,SPECIES_NONE,0,0,SPECIES_NONE,0,0,SPECIES_NONE,0,0,SPECIES_NONE,0,0,SPECIES_NONE,0,0,SPECIES_NONE,0,0,SPECIES_NONE,0,0,SPECIES_NONE,0,0,SPECIES_NONE,0,0,SPECIES_NONE,0,0,SPECIES_NONE,0,0,SPECIES_NONE,0,0,SPECIES_NONE,0,0,SPECIES_NONE,0,0,SPECIES_NONE,0,0,SPECIES_NONE,0,0,SPECIES_NONE,0,0,SPECIES_NONE,0,0,SPECIES_NONE,0,0,SPECIES_NONE,0,0,SPECIES_NONE,0,0,SPECIES_NONE,SPECIES_UNOWN,SPECIES_NONE,SPECIES_NONE,SPECIES_NONE
D24R0218,15,0,0,0,0,0,5,5,5,5,5,5,5,5,5,5,5,5,SPECIES_UNOWN,SPECIES_UNOWN,SPECIES_UNOWN,SPECIES_UNOWN,SPECIES_UNOWN,SPECIES_UNOWN,SPECIES_UNOWN,SPECIES_UNOWN,SPECIES_UNOWN,SPECIES_UNOWN,SPECIES_UNOWN,SPECIES_UNOWN,SPECIES_UNOWN,SPECIES_UNOWN,SPECIES_UNOWN,SPECIES_UNOWN,SPECIES_UNOWN,SPECIES_UNOWN,SPECIES_UNOWN,SPECIES_UNOWN,SPECIES_UNOWN,SPECIES_UNOWN,SPECIES_UNOWN,SPECIES_UNOWN,SPECIES_UNOWN,SPECIES_UNOWN,SPECIES_UNOWN,SPECIES_UNOWN,SPECIES_UNOWN,SPECIES_UNOWN,SPECIES_UNOWN,SPECIES_UNOWN,SPECIES_UNOWN,SPECIES_UNOWN,SPECIES_UNOWN,SPECIES_UNOWN,SPECIES_UNOWN,SPECIES_UNOWN,SPECIES_UNOWN,SPECIES_UNOWN,0,0,SPECIES_NONE,0,0,SPECIES_NONE,0,0,SPECIES_NONE,0,0,SPECIES_NONE,0,0,SPECIES_NONE,0,0,SPECIES_NONE,0,0,SPECIES_NONE,0,0,SPECIES_NONE,0,0,SPECIES_NONE,0,0,SPECIES_NONE,0,0,SPECIES_NONE,0,0,SPECIES_NONE,0,0,SPECIES_NONE,0,0,SPECIES_NONE,0,0,SPECIES_NONE,0,0,SPECIES_NONE,0,0,SPECIES_NONE,0,0,SPECIES_NONE,0,0,SPECIES_NONE,0,0,SPECIES_NONE,0,0,SPECIES_NONE,0,0,SPECIES_NONE,SPECIES_UNOWN,SPECIES_NONE,SPECIES_NONE,SPECIES_NONE
D24R0217,15,0,0,0,0,0,5,5,5,5,5,5,5,5,5,5,5,5,SPECIES_UNOWN,SPECIES_UNOWN,SPECIES_UNOWN,SPECIES_UNOWN,SPECIES_UNOWN,SPECIES_UNOWN,SPECIES_UNOWN,SPECIES_UNOWN,SPECIES_UNOWN,SPECIES_UNOWN,SPECIES_UNOWN,SPECIES_UNOWN,SPECIES_UNOWN,SPECIES_UNOWN,SPECIES_UNOWN,SPECIES_UNOWN,SPECIES_UNOWN,SPECIES_UNOWN,SPECIES_UNOWN,SPECIES_UNOWN,SPECIES_UNOWN,SPECIES_UNOWN,SPECIES_UNOWN,SPECIES_UNOWN,SPECIES_UNOWN,SPECIES_UNOWN,SPECIES_UNOWN,SPECIES_UNOWN,SPECIES_UNOWN,SPECIES_UNOWN,SPECIES_UNOWN,SPECIES_UNOWN,SPECIES_UNOWN,SPECIES_UNOWN,SPECIES_UNOWN,SPECIES_UNOWN,SPECIES_UNOWN,SPECIES_UNOWN,SPECIES_UNOWN,SPECIES_UNOWN,0,0,SPECIES_NONE,0,0,SPECIES_NONE,0,0,SPECIES_NONE,0,0,SPECIES_NONE,0,0,SPECIES_NONE,0,0,SPECIES_NONE,0,0,SPECIES_NONE,0,0,SPECIES_NONE,0,0,SPECIES_NONE,0,0,SPECIES_NONE,0,0,SPECIES_NONE,0,0,SPECIES_NONE,0,0,SPECIES_NONE,0,0,SPECIES_NONE,0,0,SPECIES_NONE,0,0,SPECIES_NONE,0,0,SPECIES_NONE,0,0,SPECIES_NONE,0,0,SPECIES_NONE,0,0,SPECIES_NONE,0,0,SPECIES_NONE,0,0,SPECIES_NONE,SPECIES_UNOWN,SPECIES_NONE,SPECIES_NONE,SPECIES_NONE
D25R0101,10,15,0,25,50,75,11,12,12,13,12,13,13,14,11,12,14,14,SPECIES_ZUBAT,SPECIES_GEODUDE,SPECIES_ZUBAT,SPECIES_GEODUDE,SPECIES_ONIX,SPECIES_SANDSHREW,SPECIES_ONIX,SPECIES_SANDSHREW,SPECIES_ZUBAT,SPECIES_GEODUDE,SPECIES_ONIX,SPECIES_ONIX,SPECIES_ZUBAT,SPECIES_GEODUDE,SPECIES_ZUBAT,SPECIES_GEODUDE,SPECIES_ONIX,SPECIES_SANDSHREW,SPECIES_ONIX,SPECIES_SANDSHREW,SPECIES_ZUBAT,SPECIES_GEODUDE,SPECIES_ONIX,SPECIES_ONIX,SPECIES_ZUBAT,SPECIES_GEODUDE,SPECIES_ZUBAT,SPECIES_GEODUDE,SPECIES_ONIX,SPECIES_SANDSHREW,SPECIES_ONIX,SPECIES_SANDSHREW,SPECIES_ZUBAT,SPECIES_GEODUDE,SPECIES_ONIX,SPECIES_ONIX,SPECIES_ABSOL,SPECIES_MAKUHITA,SPECIES_BRONZOR,SPECIES_CHINGLING,10,20,SPECIES_WOOPER,15,25,SPECIES_QUAGSIRE,10,20,SPECIES_QUAGSIRE,10,20,SPECIES_QUAGSIRE,10,20,SPECIES_QUAGSIRE,0,0,SPECIES_NONE,0,0,SPECIES_NONE,10,10,SPECIES_MAGIKARP,10,10,SPECIES_MAGIKARP,10,10,SPECIES_MAGIKARP,10,10,SPECIES_GOLDEEN,10,10,SPECIES_GOLDEEN,20,20,SPECIES_MAGIKARP,20,20,SPECIES_GOLDEEN,20,20,SPECIES_GOLDEEN,20,20,SPECIES_GOLDEEN,20,20,SPECIES_GOLDEEN,40,40,SPECIES_GOLDEEN,40,40,SPECIES_GOLDEEN,40,40,SPECIES_MAGIKARP,40,40,SPECIES_SEAKING,40,40,SPECIES_MAGIKARP,SPECIES_GEODUDE,SPECIES_WOOPER,SPECIES_GOLDEEN,SPECIES_MAGIKARP
D25R0102,15,15,0,25,50,75,12,13,12,13,12,13,13,14,12,13,14,14,SPECIES_ZUBAT,SPECIES_GEODUDE,SPECIES_ZUBAT,SPECIES_GEODUDE,SPECIES_ONIX,SPECIES_SANDSHREW,SPECIES_ONIX,SPECIES_SANDSHREW,SPECIES_ZUBAT,SPECIES_GEODUDE,SPECIES_ONIX,SPECIES_ONIX,SPECIES_ZUBAT,SPECIES_GEODUDE,SPECIES_ZUBAT,SPECIES_GEODUDE,SPECIES_ONIX,SPECIES_SANDSHREW,SPECIES_ONIX,SPECIES_SANDSHREW,SPECIES_ZUBAT,SPECIES_GEODUDE,SPECIES_ONIX,SPECIES_ONIX,SPECIES_ZUBAT,SPECIES_GEODUDE,SPECIES_ZUBAT,SPECIES_GEODUDE,SPECIES_ONIX,SPECIES_SANDSHREW,SPECIES_ONIX,SPECIES_SANDSHREW,SPECIES_ZUBAT,SPECIES_GEODUDE,SPECIES_ONIX,SPECIES_ONIX,SPECIES_ABSOL,SPECIES_MAKUHITA,SPECIES_BRONZOR,SPECIES_CHINGLING,10,20,SPECIES_WOOPER,15,25,SPECIES_QUAGSIRE,10,20,SPECIES_QUAGSIRE,10,20,SPECIES_QUAGSIRE,10,20,SPECIES_QUAGSIRE,0,0,SPECIES_NONE,0,0,SPECIES_NONE,10,10,SPECIES_MAGIKARP,10,10,SPECIES_MAGIKARP,10,10,SPECIES_MAGIKARP,10,10,SPECIES_GOLDEEN,10,10,SPECIES_GOLDEEN,20,20,SPECIES_MAGIKARP,20,20,SPECIES_GOLDEEN,20,20,SPECIES_GOLDEEN,20,20,SPECIES_GOLDEEN,20,20,SPECIES_GOLDEEN,40,40,SPECIES_GOLDEEN,40,40,SPECIES_GOLDEEN,40,40,SPECIES_MAGIKARP,40,40,SPECIES_SEAKING,40,40,SPECIES_MAGIKARP,SPECIES_GEODUDE,SPECIES_WOOPER,SPECIES_GOLDEEN,SPECIES_MAGIKARP
D25R0103,15,15,0,25,50,75,12,13,13,14,13,14,14,14,12,13,14,14,SPECIES_ZUBAT,SPECIES_GEODUDE,SPECIES_ZUBAT,SPECIES_GEODUDE,SPECIES_ONIX,SPECIES_SANDSHREW,SPECIES_ONIX,SPECIES_SANDSHREW,SPECIES_ZUBAT,SPECIES_GEODUDE,SPECIES_ONIX,SPECIES_ONIX,SPECIES_ZUBAT,SPECIES_GEODUDE,SPECIES_ZUBAT,SPECIES_GEODUDE,SPECIES_ONIX,SPECIES_SANDSHREW,SPECIES_ONIX,SPECIES_SANDSHREW,SPECIES_ZUBAT,SPECIES_GEODUDE,SPECIES_ONIX,SPECIES_ONIX,SPECIES_ZUBAT,SPECIES_GEODUDE,SPECIES_ZUBAT,SPECIES_GEODUDE,SPECIES_ONIX,SPECIES_SANDSHREW,SPECIES_ONIX,SPECIES_SANDSHREW,SPECIES_ZUBAT,SPECIES_GEODUDE,SPECIES_ONIX,SPECIES_ONIX,SPECIES_ABSOL,SPECIES_MAKUHITA,SPECIES_BRONZOR,SPECIES_CHINGLING,10,20,SPECIES_TENTACOOL,15,25,SPECIES_QUAGSIRE,15,25,SPECIES_TENTACRUEL,15,25,SPECIES_TENTACRUEL,15,25,SPECIES_TENTACRUEL,0,0,SPECIES_NONE,0,0,SPECIES_NONE,10,10,SPECIES_MAGIKARP,10,10,SPECIES_MAGIKARP,10,10,SPECIES_MAGIKARP,10,10,SPECIES_KRABBY,10,10,SPECIES_KRABBY,20,20,SPECIES_MAGIKARP,20,20,SPECIES_KRABBY,20,20,SPECIES_KRABBY,20,20,SPECIES_CORSOLA,20,20,SPECIES_KRABBY,40,40,SPECIES_KRABBY,40,40,SPECIES_CORSOLA,40,40,SPECIES_KRABBY,40,40,SPECIES_KINGLER,40,40,SPECIES_KRABBY,SPECIES_ZUBAT,SPECIES_TENTACOOL,SPECIES_STARYU,SPECIES_MAGIKARP
R33,25,0,0,0,0,0,12,13,13,14,13,14,14,15,13,14,15,15,SPECIES_HOPPIP,SPECIES_RATTATA,SPECIES_HOPPIP,SPECIES_RATTATA,SPECIES_EKANS,SPECIES_EKANS,SPECIES_EKANS,SPECIES_EKANS,SPECIES_WOOPER,SPECIES_WOOPER,SPECIES_WOOPER,SPECIES_WOOPER,SPECIES_HOPPIP,SPECIES_RATTATA,SPECIES_HOPPIP,SPECIES_RATTATA,SPECIES_EKANS,SPECIES_EKANS,SPECIES_EKANS,SPECIES_EKANS,SPECIES_WOOPER,SPECIES_WOOPER,SPECIES_WOOPER,SPECIES_WOOPER,SPECIES_HOPPIP,SPECIES_RATTATA,SPECIES_HOPPIP,SPECIES_RATTATA,SPECIES_EKANS,SPECIES_EKANS,SPECIES_EKANS,SPECIES_EKANS,SPECIES_WOOPER,SPECIES_WOOPER,SPECIES_WOOPER,SPECIES_WOOPER,SPECIES_PLUSLE,SPECIES_MINUN,SPECIES_SHINX,SPECIES_SHINX,0,0,SPECIES_NONE,0,0,SPECIES_NONE,0,0,SPECIES_NONE,0,0,SPECIES_NONE,0,0,SPECIES_NONE,0,0,SPECIES_NONE,0,0,SPECIES_NONE,0,0,SPECIES_NONE,0,0,SPECIES_NONE,0,0,SPECIES_NONE,0,0,SPECIES_NONE,0,0,SPECIES_NONE,0,0,SPECIES_NONE,0,0,SPECIES_NONE,0,0,SPECIES_NONE,0,0,SPECIES_NONE,0,0,SPECIES_NONE,0,0,SPECIES_NONE,0,0,SPECIES_NONE,0,0,SPECIES_NONE,0,0,SPECIES_NONE,0,0,SPECIES_NONE,SPECIES_HOPPIP,SPECIES_NONE,SPECIES_NONE,SPECIES_NONE
D26R0102,5,10,0,25,50,75,9,10,10,11,11,12,12,13,11,13,14,15,SPECIES_SLOWPOKE,SPECIES_ZUBAT,SPECIES_SLOWPOKE,SPECIES_ZUBAT,SPECIES_ZUBAT,SPECIES_GEODUDE,SPECIES_GEODUDE,SPECIES_ZUBAT,SPECIES_GEODUDE,SPECIES_SLOWPOKE,SPECIES_SLOWPOKE,SPECIES_SLOWPOKE,SPECIES_SLOWPOKE,SPECIES_ZUBAT,SPECIES_SLOWPOKE,SPECIES_ZUBAT,SPECIES_ZUBAT,SPECIES_GEODUDE,SPECIES_GEODUDE,SPECIES_ZUBAT,SPECIES_GEODUDE,SPECIES_SLOWPOKE,SPECIES_SLOWPOKE,SPECIES_SLOWPOKE,SPECIES_SLOWPOKE,SPECIES_ZUBAT,SPECIES_SLOWPOKE,SPECIES_ZUBAT,SPECIES_ZUBAT,SPECIES_GEODUDE,SPECIES_GEODUDE,SPECIES_ZUBAT,SPECIES_GEODUDE,SPECIES_SLOWPOKE,SPECIES_SLOWPOKE,SPECIES_SLOWPOKE,SPECIES_ABSOL,SPECIES_MAKUHITA,SPECIES_BRONZOR,SPECIES_CHINGLING,10,20,SPECIES_SLOWPOKE,15,25,SPECIES_SLOWPOKE,5,15,SPECIES_SLOWPOKE,5,15,SPECIES_SLOWPOKE,5,15,SPECIES_SLOWPOKE,0,0,SPECIES_NONE,0,0,SPECIES_NONE,10,10,SPECIES_MAGIKARP,10,10,SPECIES_MAGIKARP,10,10,SPECIES_MAGIKARP,10,10,SPECIES_GOLDEEN,10,10,SPECIES_GOLDEEN,20,20,SPECIES_MAGIKARP,20,20,SPECIES_GOLDEEN,20,20,SPECIES_GOLDEEN,20,20,SPECIES_GOLDEEN,20,20,SPECIES_GOLDEEN,40,40,SPECIES_GOLDEEN,40,40,SPECIES_GOLDEEN,40,40,SPECIES_MAGIKARP,40,40,SPECIES_SEAKING,40,40,SPECIES_MAGIKARP,SPECIES_ZUBAT,SPECIES_SLOWPOKE,SPECIES_GOLDEEN,SPECIES_MAGIKARP
D26R0103,15,10,0,25,50,75,10,11,11,12,12,13,13,14,12,14,14,15,SPECIES_SLOWPOKE,SPECIES_ZUBAT,SPECIES_SLOWPOKE,SPECIES_ZUBAT,SPECIES_ZUBAT,SPECIES_GEODUDE,SPECIES_GEODUDE,SPECIES_ZUBAT,SPECIES_GEODUDE,SPECIES_SLOWPOKE,SPECIES_SLOWPOKE,SPECIES_SLOWPOKE,SPECIES_SLOWPOKE,SPECIES_ZUBAT,SPECIES_SLOWPOKE,SPECIES_ZUBAT,SPECIES_ZUBAT,SPECIES_GEODUDE,SPECIES_GEODUDE,SPECIES_ZUBAT,SPECIES_GEODUDE,SPECIES_SLOWPOKE,SPECIES_SLOWPOKE,SPECIES_SLOWPOKE,SPECIES_SLOWPOKE,SPECIES_ZUBAT,SPECIES_SLOWPOKE,SPECIES_ZUBAT,SPECIES_ZUBAT,SPECIES_GEODUDE,SPECIES_GEODUDE,SPECIES_ZUBAT,SPECIES_GEODUDE,SPECIES_SLOWPOKE,SPECIES_SLOWPOKE,SPECIES_SLOWPOKE,SPECIES_ABSOL,SPECIES_MAKUHITA,SPECIES_BRONZOR,SPECIES_CHINGLING,10,20,SPECIES_SLOWPOKE,15,25,SPECIES_SLOWPOKE,15,25,SPECIES_SLOWBRO,15,25,SPECIES_SLOWBRO,30,30,SPECIES_SLOWBRO,0,0,SPECIES_NONE,0,0,SPECIES_NONE,10,10,SPECIES_MAGIKARP,10,10,SPECIES_MAGIKARP,10,10,SPECIES_MAGIKARP,10,10,SPECIES_GOLDEEN,10,10,SPECIES_GOLDEEN,20,20,SPECIES_MAGIKARP,20,20,SPECIES_GOLDEEN,20,20,SPECIES_GOLDEEN,20,20,SPECIES_GOLDEEN,20,20,SPECIES_GOLDEEN,40,40,SPECIES_GOLDEEN,40,40,SPECIES_GOLDEEN,40,40,SPECIES_MAGIKARP,40,40,SPECIES_SEAKING,40,40,SPECIES_MAGIKARP,SPECIES_ZUBAT,SPECIES_SLOWPOKE,SPECIES_GOLDEEN,SPECIES_MAGIKARP
D36R0101,5,15,0,25,50,75,12,13,13,14,13,15,13,15,12,14,15,17,SPECIES_CATERPIE,SPECIES_PARAS,SPECIES_WEEDLE,SPECIES_PARAS,SPECIES_SEEDOT,SPECIES_ODDISH,SPECIES_ODDISH,SPECIES_ODDISH,SPECIES_ODDISH,SPECIES_ODDISH,SPECIES_METAPOD,SPECIES_KAKUNA,SPECIES_CATERPIE,SPECIES_PARAS,SPECIES_WEEDLE,SPECIES_PARAS,SPECIES_SEEDOT,SPECIES_ODDISH,SPECIES_ODDISH,SPECIES_ODDISH,SPECIES_ODDISH,SPECIES_ODDISH,SPECIES_METAPOD,SPECIES_KAKUNA,SPECIES_HOOTHOOT,SPECIES_SPINARAK,SPECIES_HOOTHOOT,SPECIES_LEDYBA,SPECIES_SEEDOT,SPECIES_ODDISH,SPECIES_ODDISH,SPECIES_ODDISH,SPECIES_ODDISH,SPECIES_ODDISH,SPECIES_NOCTOWL,SPECIES_NOCTOWL,SPECIES_SPOINK,SPECIES_NUMEL,SPECIES_BUDEW,SPECIES_CARNIVINE,10,20,SPECIES_PSYDUCK,5,15,SPECIES_PSYDUCK,10,20,SPECIES_GOLDUCK,10,20,SPECIES_GOLDUCK,10,20,SPECIES_GOLDUCK,0,0,SPECIES_NONE,0,0,SPECIES_NONE,10,10,SPECIES_MAGIKARP,10,10,SPECIES_MAGIKARP,10,10,SPECIES_MAGIKARP,10,10,SPECIES_POLIWAG,10,10,SPECIES_POLIWAG,20,20,SPECIES_MAGIKARP,20,20,SPECIES_POLIWAG,20,20,SPECIES_POLIWAG,20,20,SPECIES_POLIWAG,20,20,SPECIES_POLIWAG,40,40,SPECIES_POLIWAG,40,40,SPECIES_POLIWAG,40,40,SPECIES_MAGIKARP,40,40,SPECIES_POLIWAG,40,40,SPECIES_MAGIKARP,SPECIES_CATERPIE,SPECIES_PSYDUCK,SPECIES_POLIWAG,SPECIES_MAGIKARP
R34,25,15,0,25,50,75,13,14,14,15,13,15,13,16,14,15,16,16,SPECIES_RATTATA,SPECIES_ODDISH,SPECIES_RATTATA,SPECIES_ODDISH,SPECIES_DROWZEE,SPECIES_DROWZEE,SPECIES_ABRA,SPECIES_DROWZEE,SPECIES_ODDISH,SPECIES_WHISMUR,SPECIES_DITTO,SPECIES_BIDOOF,SPECIES_RATTATA,SPECIES_ODDISH,SPECIES_RATTATA,SPECIES_ODDISH,SPECIES_DROWZEE,SPECIES_DROWZEE,SPECIES_ABRA,SPECIES_DROWZEE,SPECIES_ODDISH,SPECIES_WHISMUR,SPECIES_DITTO,SPECIES_BIDOOF,SPECIES_RATTATA,SPECIES_ODDISH,SPECIES_RATTATA,SPECIES_ODDISH,SPECIES_DROWZEE,SPECIES_DROWZEE,SPECIES_DROWZEE,SPECIES_DROWZEE,SPECIES_ODDISH,SPECIES_WHISMUR,SPECIES_DITTO,SPECIES_BIDOOF,SPECIES_WHISMUR,SPECIES_LINOONE,SPECIES_BUIZEL,SPECIES_BIDOOF,15,25,SPECIES_TENTACOOL,10,20,SPECIES_TENTACOOL,15,25,SPECIES_TENTACRUEL,15,25,SPECIES_TENTACRUEL,29,29,SPECIES_TENTACRUEL,0,0,SPECIES_NONE,0,0,SPECIES_NONE,10,10,SPECIES_MAGIKARP,10,10,SPECIES_MAGIKARP,10,10,SPECIES_MAGIKARP,10,10,SPECIES_KRABBY,10,10,SPECIES_KRABBY,20,20,SPECIES_MAGIKARP,20,20,SPECIES_KRABBY,20,20,SPECIES_KRABBY,20,20,SPECIES_CORSOLA,20,20,SPECIES_KRABBY,40,40,SPECIES_KRABBY,40,40,SPECIES_CORSOLA,40,40,SPECIES_KRABBY,40,40,SPECIES_KINGLER,40,40,SPECIES_KRABBY,SPECIES_RALTS,SPECIES_TENTACOOL,SPECIES_STARYU,SPECIES_MAGIKARP
R35,25,15,0,25,50,75,12,12,12,12,14,14,10,10,14,10,14,12,SPECIES_NIDORAN_M,SPECIES_NIDORAN_F,SPECIES_NIDORAN_M,SPECIES_NIDORAN_F,SPECIES_DROWZEE,SPECIES_DROWZEE,SPECIES_ABRA,SPECIES_ABRA,SPECIES_PIDGEY,SPECIES_DITTO,SPECIES_PIDGEY,SPECIES_YANMA,SPECIES_NIDORAN_M,SPECIES_NIDORAN_F,SPECIES_NIDORAN_M,SPECIES_NIDORAN_F,SPECIES_DROWZEE,SPECIES_DROWZEE,SPECIES_ABRA,SPECIES_ABRA,SPECIES_PIDGEY,SPECIES_DITTO,SPECIES_PIDGEY,SPECIES_YANMA,SPECIES_NIDORAN_M,SPECIES_NIDORAN_F,SPECIES_NIDORAN_M,SPECIES_NIDORAN_F,SPECIES_DROWZEE,SPECIES_DROWZEE,SPECIES_ABRA,SPECIES_ABRA,SPECIES_HOOTHOOT,SPECIES_DITTO,SPECIES_HOOTHOOT,SPECIES_YANMA,SPECIES_WHISMUR,SPECIES_LINOONE,SPECIES_BUIZEL,SPECIES_BIDOOF,15,25,SPECIES_PSYDUCK,10,20,SPECIES_PSYDUCK,15,25,SPECIES_GOLDUCK,15,25,SPECIES_GOLDUCK,31,31,SPECIES_GOLDUCK,0,0,SPECIES_NONE,0,0,SPECIES_NONE,10,10,SPECIES_MAGIKARP,10,10,SPECIES_MAGIKARP,10,10,SPECIES_MAGIKARP,10,10,SPECIES_POLIWAG,10,10,SPECIES_POLIWAG,20,20,SPECIES_MAGIKARP,20,20,SPECIES_POLIWAG,20,20,SPECIES_POLIWAG,20,20,SPECIES_POLIWAG,20,20,SPECIES_POLIWAG,40,40,SPECIES_POLIWAG,40,40,SPECIES_POLIWAG,40,40,SPECIES_MAGIKARP,40,40,SPECIES_POLIWAG,40,40,SPECIES_MAGIKARP,SPECIES_YANMA,SPECIES_PSYDUCK,SPECIES_POLIWAG,SPECIES_MAGIKARP
D22R0101,25,0,0,0,0,0,5,6,6,7,6,7,7,8,6,8,8,8,SPECIES_ZUBAT,SPECIES_GEODUDE,SPECIES_ZUBAT,SPECIES_GEODUDE,SPECIES_ZUBAT,SPECIES_GEODUDE,SPECIES_ZUBAT,SPECIES_GEODUDE,SPECIES_DUNSPARCE,SPECIES_DUNSPARCE,SPECIES_DUNSPARCE,SPECIES_DUNSPARCE,SPECIES_ZUBAT,SPECIES_GEODUDE,SPECIES_ZUBAT,SPECIES_GEODUDE,SPECIES_ZUBAT,SPECIES_GEODUDE,SPECIES_ZUBAT,SPECIES_GEODUDE,SPECIES_DUNSPARCE,SPECIES_DUNSPARCE,SPECIES_DUNSPARCE,SPECIES_DUNSPARCE,SPECIES_ZUBAT,SPECIES_GEODUDE,SPECIES_ZUBAT,SPECIES_GEODUDE,SPECIES_ZUBAT,SPECIES_GEODUDE,SPECIES_ZUBAT,SPECIES_GEODUDE,SPECIES_DUNSPARCE,SPECIES_DUNSPARCE,SPECIES_DUNSPARCE,SPECIES_DUNSPARCE,SPECIES_PLUSLE,SPECIES_MINUN,SPECIES_SHINX,SPECIES_SHINX,0,0,SPECIES_NONE,0,0,SPECIES_NONE,0,0,SPECIES_NONE,0,0,SPECIES_NONE,0,0,SPECIES_NONE,0,0,SPECIES_NONE,0,0,SPECIES_NONE,0,0,SPECIES_NONE,0,0,SPECIES_NONE,0,0,SPECIES_NONE,0,0,SPECIES_NONE,0,0,SPECIES_NONE,0,0,SPECIES_NONE,0,0,SPECIES_NONE,0,0,SPECIES_NONE,0,0,SPECIES_NONE,0,0,SPECIES_NONE,0,0,SPECIES_NONE,0,0,SPECIES_NONE,0,0,SPECIES_NONE,0,0,SPECIES_NONE,0,0,SPECIES_NONE,SPECIES_CATERPIE,SPECIES_NONE,SPECIES_NONE,SPECIES_NONE
D22R0102,25,0,0,0,0,0,10,10,10,10,12,12,12,12,10,14,10,14,SPECIES_CATERPIE,SPECIES_CATERPIE,SPECIES_CATERPIE,SPECIES_CATERPIE,SPECIES_CATERPIE,SPECIES_CATERPIE,SPECIES_CATERPIE,SPECIES_CATERPIE,SPECIES_CATERPIE,SPECIES_CATERPIE,SPECIES_CATERPIE,SPECIES_CATERPIE,SPECIES_CATERPIE,SPECIES_CATERPIE,SPECIES_CATERPIE,SPECIES_CATERPIE,SPECIES_CATERPIE,SPECIES_CATERPIE,SPECIES_CATERPIE,SPECIES_CATERPIE,SPECIES_CATERPIE,SPECIES_CATERPIE,SPECIES_CATERPIE,SPECIES_CATERPIE,SPECIES_CATERPIE,SPECIES_CATERPIE,SPECIES_CATERPIE,SPECIES_CATERPIE,SPECIES_CATERPIE,SPECIES_CATERPIE,SPECIES_CATERPIE,SPECIES_CATERPIE,SPECIES_CATERPIE,SPECIES_CATERPIE,SPECIES_CATERPIE,SPECIES_CATERPIE,SPECIES_CATERPIE,SPECIES_CATERPIE,SPECIES_CATERPIE,SPECIES_CATERPIE,0,0,SPECIES_NONE,0,0,SPECIES_NONE,0,0,SPECIES_NONE,0,0,SPECIES_NONE,0,0,SPECIES_NONE,0,0,SPECIES_NONE,0,0,SPECIES_NONE,0,0,SPECIES_NONE,0,0,SPECIES_NONE,0,0,SPECIES_NONE,0,0,SPECIES_NONE,0,0,SPECIES_NONE,0,0,SPECIES_NONE,0,0,SPECIES_NONE,0,0,SPECIES_NONE,0,0,SPECIES_NONE,0,0,SPECIES_NONE,0,0,SPECIES_NONE,0,0,SPECIES_NONE,0,0,SPECIES_NONE,0,0,SPECIES_NONE,0,0,SPECIES_NONE,SPECIES_CATERPIE,SPECIES_NONE,SPECIES_NONE,SPECIES_NONE
R36,25,0,0,0,0,0,12,12,12,12,13,13,13,13,13,15,13,15,SPECIES_NIDORAN_M,SPECIES_NIDORAN_F,SPECIES_NIDORAN_M,SPECIES_NIDORAN_F,SPECIES_PIDGEY,SPECIES_PIDGEY,SPECIES_GROWLITHE,SPECIES_GROWLITHE,SPECIES_STANTLER,SPECIES_PIDGEY,SPECIES_STANTLER,SPECIES_PIDGEY,SPECIES_NIDORAN_M,SPECIES_NIDORAN_F,SPECIES_NIDORAN_M,SPECIES_NIDORAN_F,SPECIES_PIDGEY,SPECIES_PIDGEY,SPECIES_GROWLITHE,SPECIES_GROWLITHE,SPECIES_STANTLER,SPECIES_GROWLITHE,SPECIES_STANTLER,SPECIES_GROWLITHE,SPECIES_NIDORAN_M,SPECIES_NIDORAN_F,SPECIES_NIDORAN_M,SPECIES_NIDORAN_F,SPECIES_HOOTHOOT,SPECIES_HOOTHOOT,SPECIES_GROWLITHE,SPECIES_GROWLITHE,SPECIES_STANTLER,SPECIES_HOOTHOOT,SPECIES_STANTLER,SPECIES_HOOTHOOT,SPECIES_PLUSLE,SPECIES_MINUN,SPECIES_SHINX,SPECIES_SHINX,0,0,SPECIES_NONE,0,0,SPECIES_NONE,0,0,SPECIES_NONE,0,0,SPECIES_NONE,0,0,SPECIES_NONE,0,0,SPECIES_NONE,0,0,SPECIES_NONE,0,0,SPECIES_NONE,0,0,SPECIES_NONE,0,0,SPECIES_NONE,0,0,SPECIES_NONE,0,0,SPECIES_NONE,0,0,SPECIES_NONE,0,0,SPECIES_NONE,0,0,SPECIES_NONE,0,0,SPECIES_NONE,0,0,SPECIES_NONE,0,0,SPECIES_NONE,0,0,SPECIES_NONE,0,0,SPECIES_NONE,0,0,SPECIES_NONE,0,0,SPECIES_NONE,SPECIES_NIDORAN_M,SPECIES_NONE,SPECIES_NONE,SPECIES_NONE
R37,25,0,0,0,0,0,13,15,13,15,15,15,14,14,15,15,15,15,SPECIES_PIDGEY,SPECIES_STANTLER,SPECIES_PIDGEY,SPECIES_STANTLER,SPECIES_PIDGEY,SPECIES_PIDGEY,SPECIES_GROWLITHE,SPECIES_GROWLITHE,SPECIES_PIDGEY,SPECIES_PIDGEY,SPECIES_PIDGEY,SPECIES_PIDGEY,SPECIES_PIDGEY,SPECIES_STANTLER,SPECIES_PIDGEY,SPECIES_STANTLER,SPECIES_PIDGEY,SPECIES_PIDGEY,SPECIES_GROWLITHE,SPECIES_GROWLITHE,SPECIES_PIDGEOTTO,SPECIES_GROWLITHE,SPECIES_PIDGEOTTO,SPECIES_GROWLITHE,SPECIES_SPINARAK,SPECIES_STANTLER,SPECIES_SPINARAK,SPECIES_STANTLER,SPECIES_HOOTHOOT,SPECIES_HOOTHOOT,SPECIES_GROWLITHE,SPECIES_GROWLITHE,SPECIES_SPINARAK,SPECIES_SPINARAK,SPECIES_SPINARAK,SPECIES_SPINARAK,SPECIES_PLUSLE,SPECIES_MINUN,SPECIES_SHINX,SPECIES_SHINX,0,0,SPECIES_NONE,0,0,SPECIES_NONE,0,0,SPECIES_NONE,0,0,SPECIES_NONE,0,0,SPECIES_NONE,0,0,SPECIES_NONE,0,0,SPECIES_NONE,0,0,SPECIES_NONE,0,0,SPECIES_NONE,0,0,SPECIES_NONE,0,0,SPECIES_NONE,0,0,SPECIES_NONE,0,0,SPECIES_NONE,0,0,SPECIES_NONE,0,0,SPECIES_NONE,0,0,SPECIES_NONE,0,0,SPECIES_NONE,0,0,SPECIES_NONE,0,0,SPECIES_NONE,0,0,SPECIES_NONE,0,0,SPECIES_NONE,0,0,SPECIES_NONE,SPECIES_PIDGEY,SPECIES_NONE,SPECIES_NONE,SPECIES_NONE
T27,0,15,0,25,50,75,0,0,0,0,0,0,0,0,0,0,0,0,SPECIES_NONE,SPECIES_NONE,SPECIES_NONE,SPECIES_NONE,SPECIES_NONE,SPECIES_NONE,SPECIES_NONE,SPECIES_NONE,SPECIES_NONE,SPECIES_NONE,SPECIES_NONE,SPECIES_NONE,SPECIES_NONE,SPECIES_NONE,SPECIES_NONE,SPECIES_NONE,SPECIES_NONE,SPECIES_NONE,SPECIES_NONE,SPECIES_NONE,SPECIES_NONE,SPECIES_NONE,SPECIES_NONE,SPECIES_NONE,SPECIES_NONE,SPECIES_NONE,SPECIES_NONE,SPECIES_NONE,SPECIES_NONE,SPECIES_NONE,SPECIES_NONE,SPECIES_NONE,SPECIES_NONE,SPECIES_NONE,SPECIES_NONE,SPECIES_NONE,SPECIES_NONE,SPECIES_NONE,SPECIES_NONE,SPECIES_NONE,15,25,SPECIES_POLIWAG,10,20,SPECIES_POLIWAG,15,25,SPECIES_POLIWHIRL,15,25,SPECIES_POLIWHIRL,15,25,SPECIES_POLIWHIRL,0,0,SPECIES_NONE,0,0,SPECIES_NONE,10,10,SPECIES_MAGIKARP,10,10,SPECIES_MAGIKARP,10,10,SPECIES_MAGIKARP,10,10,SPECIES_POLIWAG,10,10,SPECIES_POLIWAG,20,20,SPECIES_MAGIKARP,20,20,SPECIES_POLIWAG,20,20,SPECIES_POLIWAG,20,20,SPECIES_POLIWAG,20,20,SPECIES_POLIWAG,40,40,SPECIES_POLIWAG,40,40,SPECIES_POLIWAG,40,40,SPECIES_MAGIKARP,40,40,SPECIES_POLIWAG,40,40,SPECIES_MAGIKARP,SPECIES_NONE,SPECIES_POLIWAG,SPECIES_POLIWAG,SPECIES_MAGIKARP
D18R0101,10,0,0,0,0,0,13,14,13,14,15,15,14,14,16,15,16,15,SPECIES_RATTATA,SPECIES_KOFFING,SPECIES_RATTATA,SPECIES_KOFFING,SPECIES_RATTATA,SPECIES_RATTATA,SPECIES_ZUBAT,SPECIES_ZUBAT,SPECIES_KOFFING,SPECIES_RATICATE,SPECIES_KOFFING,SPECIES_RATICATE,SPECIES_RATTATA,SPECIES_KOFFING,SPECIES_RATTATA,SPECIES_KOFFING,SPECIES_RATTATA,SPECIES_RATTATA,SPECIES_ZUBAT,SPECIES_ZUBAT,SPECIES_KOFFING,SPECIES_RATICATE,SPECIES_KOFFING,SPECIES_RATICATE,SPECIES_RATTATA,SPECIES_KOFFING,SPECIES_RATTATA,SPECIES_KOFFING,SPECIES_RATTATA,SPECIES_RATTATA,SPECIES_ZUBAT,SPECIES_ZUBAT,SPECIES_KOFFING,SPECIES_RATICATE,SPECIES_KOFFING,SPECIES_RATICATE,SPECIES_ZIGZAGOON,SPECIES_SPINDA,SPECIES_CHATOT,SPECIES_MEDITITE,0,0,SPECIES_NONE,0,0,SPECIES_NONE,0,0,SPECIES_NONE,0,0,SPECIES_NONE,0,0,SPECIES_NONE,0,0,SPECIES_NONE,0,0,SPECIES_NONE,0,0,SPECIES_NONE,0,0,SPECIES_NONE,0,0,SPECIES_NONE,0,0,SPECIES_NONE,0,0,SPECIES_NONE,0,0,SPECIES_NONE,0,0,SPECIES_NONE,0,0,SPECIES_NONE,0,0,SPECIES_NONE,0,0,SPECIES_NONE,0,0,SPECIES_NONE,0,0,SPECIES_NONE,0,0,SPECIES_NONE,0,0,SPECIES_NONE,0,0,SPECIES_NONE,SPECIES_RATTATA,SPECIES_NONE,SPECIES_NONE,SPECIES_NONE
D18R0102,10,0,0,0,0,0,14,14,14,14,16,16,16,16,15,14,15,14,SPECIES_RATTATA,SPECIES_KOFFING,SPECIES_RATTATA,SPECIES_KOFFING,SPECIES_KOFFING,SPECIES_KOFFING,SPECIES_RATTATA,SPECIES_RATTATA,SPECIES_ZUBAT,SPECIES_MAGMAR,SPECIES_ZUBAT,SPECIES_MAGMAR,SPECIES_RATTATA,SPECIES_KOFFING,SPECIES_RATTATA,SPECIES_KOFFING,SPECIES_KOFFING,SPECIES_KOFFING,SPECIES_MAGMAR,SPECIES_MAGMAR,SPECIES_ZUBAT,SPECIES_RATTATA,SPECIES_ZUBAT,SPECIES_RATTATA,SPECIES_RATTATA,SPECIES_KOFFING,SPECIES_RATTATA,SPECIES_KOFFING,SPECIES_KOFFING,SPECIES_KOFFING,SPECIES_RATTATA,SPECIES_RATTATA,SPECIES_ZUBAT,SPECIES_MAGMAR,SPECIES_ZUBAT,SPECIES_MAGMAR,SPECIES_ZIGZAGOON,SPECIES_SPINDA,SPECIES_CHATOT,SPECIES_MEDITITE,0,0,SPECIES_NONE,0,0,SPECIES_NONE,0,0,SPECIES_NONE,0,0,SPECIES_NONE,0,0,SPECIES_NONE,0,0,SPECIES_NONE,0,0,SPECIES_NONE,0,0,SPECIES_NONE,0,0,SPECIES_NONE,0,0,SPECIES_NONE,0,0,SPECIES_NONE,0,0,SPECIES_NONE,0,0,SPECIES_NONE,0,0,SPECIES_NONE,0,0,SPECIES_NONE,0,0,SPECIES_NONE,0,0,SPECIES_NONE,0,0,SPECIES_NONE,0,0,SPECIES_NONE,0,0,SPECIES_NONE,0,0,SPECIES_NONE,0,0,SPECIES_NONE,SPECIES_RATTATA,SPECIES_NONE,SPECIES_NONE,SPECIES_NONE
D17R0102,5,0,0,0,0,0,20,21,20,21,22,22,22,22,23,24,23,24,SPECIES_RATTATA,SPECIES_RATTATA,SPECIES_RATTATA,SPECIES_RATTATA,SPECIES_RATTATA,SPECIES_RATTATA,SPECIES_RATTATA,SPECIES_RATTATA,SPECIES_RATTATA,SPECIES_RATTATA,SPECIES_RATTATA,SPECIES_RATTATA,SPECIES_RATTATA,SPECIES_RATTATA,SPECIES_RATTATA,SPECIES_RATTATA,SPECIES_RATTATA,SPECIES_RATTATA,SPECIES_RATTATA,SPECIES_RATTATA,SPECIES_RATTATA,SPECIES_RATTATA,SPECIES_RATTATA,SPECIES_RATTATA,SPECIES_GASTLY,SPECIES_GASTLY,SPECIES_GASTLY,SPECIES_GASTLY,SPECIES_GASTLY,SPECIES_GASTLY,SPECIES_RATTATA,SPECIES_RATTATA,SPECIES_RATTATA,SPECIES_RATTATA,SPECIES_RATTATA,SPECIES_RATTATA,SPECIES_ZIGZAGOON,SPECIES_SPINDA,SPECIES_CHATOT,SPECIES_MEDITITE,0,0,SPECIES_NONE,0,0,SPECIES_NONE,0,0,SPECIES_NONE,0,0,SPECIES_NONE,0,0,SPECIES_NONE,0,0,SPECIES_NONE,0,0,SPECIES_NONE,0,0,SPECIES_NONE,0,0,SPECIES_NONE,0,0,SPECIES_NONE,0,0,SPECIES_NONE,0,0,SPECIES_NONE,0,0,SPECIES_NONE,0,0,SPECIES_NONE,0,0,SPECIES_NONE,0,0,SPECIES_NONE,0,0,SPECIES_NONE,0,0,SPECIES_NONE,0,0,SPECIES_NONE,0,0,SPECIES_NONE,0,0,SPECIES_NONE,0,0,SPECIES_NONE,SPECIES_RATTATA,SPECIES_NONE,SPECIES_NONE,SPECIES_NONE
D17R0103,5,0,0,0,0,0,20,21,20,21,22,22,22,22,23,24,23,24,SPECIES_RATTATA,SPECIES_RATTATA,SPECIES_RATTATA,SPECIES_RATTATA,SPECIES_RATTATA,SPECIES_RATTATA,SPECIES_RATTATA,SPECIES_RATTATA,SPECIES_RATTATA,SPECIES_RATTATA,SPECIES_RATTATA,SPECIES_RATTATA,SPECIES_RATTATA,SPECIES_RATTATA,SPECIES_RATTATA,SPECIES_RATTATA,SPECIES_RATTATA,SPECIES_RATTATA,SPECIES_RATTATA,SPECIES_RATTATA,SPECIES_RATTATA,SPECIES_RATTATA,SPECIES_RATTATA,SPECIES_RATTATA,SPECIES_GASTLY,SPECIES_GASTLY,SPECIES_GASTLY,SPECIES_GASTLY,SPECIES_GASTLY,SPECIES_GASTLY,SPECIES_RATTATA,SPECIES_RATTATA,SPECIES_RATTATA,SPECIES_RATTATA,SPECIES_RATTATA,SPECIES_RATTATA,SPECIES_ZIGZAGOON,SPECIES_SPINDA,SPECIES_CHATOT,SPECIES_MEDITITE,0,0,SPECIES_NONE,0,0,SPECIES_NONE,0,0,SPECIES_NONE,0,0,SPECIES_NONE,0,0,SPECIES_NONE,0,0,SPECIES_NONE,0,0,SPECIES_NONE,0,0,SPECIES_NONE,0,0,SPECIES_NONE,0,0,SPECIES_NONE,0,0,SPECIES_NONE,0,0,SPECIES_NONE,0,0,SPECIES_NONE,0,0,SPECIES_NONE,0,0,SPECIES_NONE,0,0,SPECIES_NONE,0,0,SPECIES_NONE,0,0,SPECIES_NONE,0,0,SPECIES_NONE,0,0,SPECIES_NONE,0,0,SPECIES_NONE,0,0,SPECIES_NONE,SPECIES_RATTATA,SPECIES_NONE,SPECIES_NONE,SPECIES_NONE
D17R0104,5,0,0,0,0,0,20,21,20,21,22,22,22,22,23,24,23,24,SPECIES_RATTATA,SPECIES_RATTATA,SPECIES_RATTATA,SPECIES_RATTATA,SPECIES_RATTATA,SPECIES_RATTATA,SPECIES_RATTATA,SPECIES_RATTATA,SPECIES_RATTATA,SPECIES_RATTATA,SPECIES_RATTATA,SPECIES_RATTATA,SPECIES_RATTATA,SPECIES_RATTATA,SPECIES_RATTATA,SPECIES_RATTATA,SPECIES_RATTATA,SPECIES_RATTATA,SPECIES_RATTATA,SPECIES_RATTATA,SPECIES_RATTATA,SPECIES_RATTATA,SPECIES_RATTATA,SPECIES_RATTATA,SPECIES_GASTLY,SPECIES_GASTLY,SPECIES_GASTLY,SPECIES_GASTLY,SPECIES_GASTLY,SPECIES_GASTLY,SPECIES_RATTATA,SPECIES_RATTATA,SPECIES_RATTATA,SPECIES_RATTATA,SPECIES_RATTATA,SPECIES_RATTATA,SPECIES_ZIGZAGOON,SPECIES_SPINDA,SPECIES_CHATOT,SPECIES_MEDITITE,0,0,SPECIES_NONE,0,0,SPECIES_NONE,0,0,SPECIES_NONE,0,0,SPECIES_NONE,0,0,SPECIES_NONE,0,0,SPECIES_NONE,0,0,SPECIES_NONE,0,0,SPECIES_NONE,0,0,SPECIES_NONE,0,0,SPECIES_NONE,0,0,SPECIES_NONE,0,0,SPECIES_NONE,0,0,SPECIES_NONE,0,0,SPECIES_NONE,0,0,SPECIES_NONE,0,0,SPECIES_NONE,0,0,SPECIES_NONE,0,0,SPECIES_NONE,0,0,SPECIES_NONE,0,0,SPECIES_NONE,0,0,SPECIES_NONE,0,0,SPECIES_NONE,SPECIES_RATTATA,SPECIES_NONE,SPECIES_NONE,SPECIES_NONE
D17R0105,5,0,0,0,0,0,20,21,20,21,22,22,22,22,23,24,23,24,SPECIES_RATTATA,SPECIES_RATTATA,SPECIES_RATTATA,SPECIES_RATTATA,SPECIES_RATTATA,SPECIES_RATTATA,SPECIES_RATTATA,SPECIES_RATTATA,SPECIES_RATTATA,SPECIES_RATTATA,SPECIES_RATTATA,SPECIES_RATTATA,SPECIES_RATTATA,SPECIES_RATTATA,SPECIES_RATTATA,SPECIES_RATTATA,SPECIES_RATTATA,SPECIES_RATTATA,SPECIES_RATTATA,SPECIES_RATTATA,SPECIES_RATTATA,SPECIES_RATTATA,SPECIES_RATTATA,SPECIES_RATTATA,SPECIES_GASTLY,SPECIES_GASTLY,SPECIES_GASTLY,SPECIES_GASTLY,SPECIES_GASTLY,SPECIES_GASTLY,SPECIES_RATTATA,SPECIES_RATTATA,SPECIES_RATTATA,SPECIES_RATTATA,SPECIES_RATTATA,SPECIES_RATTATA,SPECIES_ZIGZAGOON,SPECIES_SPINDA,SPECIES_CHATOT,SPECIES_MEDITITE,0,0,SPECIES_NONE,0,0,SPECIES_NONE,0,0,SPECIES_NONE,0,0,SPECIES_NONE,0,0,SPECIES_NONE,0,0,SPECIES_NONE,0,0,SPECIES_NONE,0,0,SPECIES_NONE,0,0,SPECIES_NONE,0,0,SPECIES_NONE,0,0,SPECIES_NONE,0,0,SPECIES_NONE,0,0,SPECIES_NONE,0,0,SPECIES_NONE,0,0,SPECIES_NONE,0,0,SPECIES_NONE,0,0,SPECIES_NONE,0,0,SPECIES_NONE,0,0,SPECIES_NONE,0,0,SPECIES_NONE,0,0,SPECIES_NONE,0,0,SPECIES_NONE,SPECIES_RATTATA,SPECIES_NONE,SPECIES_NONE,SPECIES_NONE
D17R0106,5,0,0,0,0,0,20,21,20,21,22,22,22,22,23,24,23,24,SPECIES_RATTATA,SPECIES_RATTATA,SPECIES_RATTATA,SPECIES_RATTATA,SPECIES_RATTATA,SPECIES_RATTATA,SPECIES_RATTATA,SPECIES_RATTATA,SPECIES_RATTATA,SPECIES_RATTATA,SPECIES_RATTATA,SPECIES_RATTATA,SPECIES_RATTATA,SPECIES_RATTATA,SPECIES_RATTATA,SPECIES_RATTATA,SPECIES_RATTATA,SPECIES_RATTATA,SPECIES_RATTATA,SPECIES_RATTATA,SPECIES_RATTATA,SPECIES_RATTATA,SPECIES_RATTATA,SPECIES_RATTATA,SPECIES_GASTLY,SPECIES_GASTLY,SPECIES_GASTLY,SPECIES_GASTLY,SPECIES_GASTLY,SPECIES_GASTLY,SPECIES_RATTATA,SPECIES_RATTATA,SPECIES_RATTATA,SPECIES_RATTATA,SPECIES_RATTATA,SPECIES_RATTATA,SPECIES_ZIGZAGOON,SPECIES_SPINDA,SPECIES_CHATOT,SPECIES_MEDITITE,0,0,SPECIES_NONE,0,0,SPECIES_NONE,0,0,SPECIES_NONE,0,0,SPECIES_NONE,0,0,SPECIES_NONE,0,0,SPECIES_NONE,0,0,SPECIES_NONE,0,0,SPECIES_NONE,0,0,SPECIES_NONE,0,0,SPECIES_NONE,0,0,SPECIES_NONE,0,0,SPECIES_NONE,0,0,SPECIES_NONE,0,0,SPECIES_NONE,0,0,SPECIES_NONE,0,0,SPECIES_NONE,0,0,SPECIES_NONE,0,0,SPECIES_NONE,0,0,SPECIES_NONE,0,0,SPECIES_NONE,0,0,SPECIES_NONE,0,0,SPECIES_NONE,SPECIES_RATTATA,SPECIES_NONE,SPECIES_NONE,SPECIES_NONE
D17R0107,5,0,0,0,0,0,20,21,20,21,22,22,22,22,23,24,23,24,SPECIES_RATTATA,SPECIES_RATTATA,SPECIES_RATTATA,SPECIES_RATTATA,SPECIES_RATTATA,SPECIES_RATTATA,SPECIES_RATTATA,SPECIES_RATTATA,SPECIES_RATTATA,SPECIES_RATTATA,SPECIES_RATTATA,SPECIES_RATTATA,SPECIES_RATTATA,SPECIES_RATTATA,SPECIES_RATTATA,SPECIES_RATTATA,SPECIES_RATTATA,SPECIES_RATTATA,SPECIES_RATTATA,SPECIES_RATTATA,SPECIES_RATTATA,SPECIES_RATTATA,SPECIES_RATTATA,SPECIES_RATTATA,SPECIES_GASTLY,SPECIES_GASTLY,SPECIES_GASTLY,SPECIES_GASTLY,SPECIES_GASTLY,SPECIES_GASTLY,SPECIES_RATTATA,SPECIES_RATTATA,SPECIES_RATTATA,SPECIES_RATTATA,SPECIES_RATTATA,SPECIES_RATTATA,SPECIES_ZIGZAGOON,SPECIES_SPINDA,SPECIES_CHATOT,SPECIES_MEDITITE,0,0,SPECIES_NONE,0,0,SPECIES_NONE,0,0,SPECIES_NONE,0,0,SPECIES_NONE,0,0,SPECIES_NONE,0,0,SPECIES_NONE,0,0,SPECIES_NONE,0,0,SPECIES_NONE,0,0,SPECIES_NONE,0,0,SPECIES_NONE,0,0,SPECIES_NONE,0,0,SPECIES_NONE,0,0,SPECIES_NONE,0,0,SPECIES_NONE,0,0,SPECIES_NONE,0,0,SPECIES_NONE,0,0,SPECIES_NONE,0,0,SPECIES_NONE,0,0,SPECIES_NONE,0,0,SPECIES_NONE,0,0,SPECIES_NONE,0,0,SPECIES_NONE,SPECIES_RATTATA,SPECIES_NONE,SPECIES_NONE,SPECIES_NONE
D17R0108,5,0,0,0,0,0,20,21,20,21,22,22,22,22,23,24,23,24,SPECIES_RATTATA,SPECIES_RATTATA,SPECIES_RATTATA,SPECIES_RATTATA,SPECIES_RATTATA,SPECIES_RATTATA,SPECIES_RATTATA,SPECIES_RATTATA,SPECIES_RATTATA,SPECIES_RATTATA,SPECIES_RATTATA,SPECIES_RATTATA,SPECIES_RATTATA,SPECIES_RATTATA,SPECIES_RATTATA,SPECIES_RATTATA,SPECIES_RATTATA,SPECIES_RATTATA,SPECIES_RATTATA,SPECIES_RATTATA,SPECIES_RATTATA,SPECIES_RATTATA,SPECIES_RATTATA,SPECIES_RATTATA,SPECIES_GASTLY,SPECIES_GASTLY,SPECIES_GASTLY,SPECIES_GASTLY,SPECIES_GASTLY,SPECIES_GASTLY,SPECIES_RATTATA,SPECIES_RATTATA,SPECIES_RATTATA,SPECIES_RATTATA,SPECIES_RATTATA,SPECIES_RATTATA,SPECIES_ZIGZAGOON,SPECIES_SPINDA,SPECIES_CHATOT,SPECIES_MEDITITE,0,0,SPECIES_NONE,0,0,SPECIES_NONE,0,0,SPECIES_NONE,0,0,SPECIES_NONE,0,0,SPECIES_NONE,0,0,SPECIES_NONE,0,0,SPECIES_NONE,0,0,SPECIES_NONE,0,0,SPECIES_NONE,0,0,SPECIES_NONE,0,0,SPECIES_NONE,0,0,SPECIES_NONE,0,0,SPECIES_NONE,0,0,SPECIES_NONE,0,0,SPECIES_NONE,0,0,SPECIES_NONE,0,0,SPECIES_NONE,0,0,SPECIES_NONE,0,0,SPECIES_NONE,0,0,SPECIES_NONE,0,0,SPECIES_NONE,0,0,SPECIES_NONE,SPECIES_RATTATA,SPECIES_NONE,SPECIES_NONE,SPECIES_NONE
D17R0109,5,0,0,0,0,0,20,21,20,21,22,22,22,22,23,24,23,24,SPECIES_RATTATA,SPECIES_RATTATA,SPECIES_RATTATA,SPECIES_RATTATA,SPECIES_RATTATA,SPECIES_RATTATA,SPECIES_RATTATA,SPECIES_RATTATA,SPECIES_RATTATA,SPECIES_RATTATA,SPECIES_RATTATA,SPECIES_RATTATA,SPECIES_RATTATA,SPECIES_RATTATA,SPECIES_RATTATA,SPECIES_RATTATA,SPECIES_RATTATA,SPECIES_RATTATA,SPECIES_RATTATA,SPECIES_RATTATA,SPECIES_RATTATA,SPECIES_RATTATA,SPECIES_RATTATA,SPECIES_RATTATA,SPECIES_GASTLY,SPECIES_GASTLY,SPECIES_GASTLY,SPECIES_GASTLY,SPECIES_GASTLY,SPECIES_GASTLY,SPECIES_RATTATA,SPECIES_RATTATA,SPECIES_RATTATA,SPECIES_RATTATA,SPECIES_RATTATA,SPECIES_RATTATA,SPECIES_ZIGZAGOON,SPECIES_SPINDA,SPECIES_CHATOT,SPECIES_MEDITITE,0,0,SPECIES_NONE,0,0,SPECIES_NONE,0,0,SPECIES_NONE,0,0,SPECIES_NONE,0,0,SPECIES_NONE,0,0,SPECIES_NONE,0,0,SPECIES_NONE,0,0,SPECIES_NONE,0,0,SPECIES_NONE,0,0,SPECIES_NONE,0,0,SPECIES_NONE,0,0,SPECIES_NONE,0,0,SPECIES_NONE,0,0,SPECIES_NONE,0,0,SPECIES_NONE,0,0,SPECIES_NONE,0,0,SPECIES_NONE,0,0,SPECIES_NONE,0,0,SPECIES_NONE,0,0,SPECIES_NONE,0,0,SPECIES_NONE,0,0,SPECIES_NONE,SPECIES_RATTATA,SPECIES_NONE,SPECIES_NONE,SPECIES_NONE
R38,25,0,0,0,0,0,16,16,16,16,16,16,16,16,13,13,13,13,SPECIES_RATTATA,SPECIES_RATICATE,SPECIES_RATTATA,SPECIES_RATICATE,SPECIES_MAGNEMITE,SPECIES_MAGNEMITE,SPECIES_FARFETCHD,SPECIES_FARFETCHD,SPECIES_MILTANK,SPECIES_TAUROS,SPECIES_MILTANK,SPECIES_SNUBBULL,SPECIES_RATTATA,SPECIES_RATICATE,SPECIES_RATTATA,SPECIES_RATICATE,SPECIES_MAGNEMITE,SPECIES_MAGNEMITE,SPECIES_FARFETCHD,SPECIES_FARFETCHD,SPECIES_MILTANK,SPECIES_TAUROS,SPECIES_MILTANK,SPECIES_SNUBBULL,SPECIES_RATTATA,SPECIES_RATICATE,SPECIES_RATTATA,SPECIES_RATICATE,SPECIES_MAGNEMITE,SPECIES_MAGNEMITE,SPECIES_RATTATA,SPECIES_RATTATA,SPECIES_MILTANK,SPECIES_TAUROS,SPECIES_MILTANK,SPECIES_SNUBBULL,SPECIES_PLUSLE,SPECIES_MINUN,SPECIES_SHINX,SPECIES_SHINX,0,0,SPECIES_NONE,0,0,SPECIES_NONE,0,0,SPECIES_NONE,0,0,SPECIES_NONE,0,0,SPECIES_NONE,0,0,SPECIES_NONE,0,0,SPECIES_NONE,0,0,SPECIES_NONE,0,0,SPECIES_NONE,0,0,SPECIES_NONE,0,0,SPECIES_NONE,0,0,SPECIES_NONE,0,0,SPECIES_NONE,0,0,SPECIES_NONE,0,0,SPECIES_NONE,0,0,SPECIES_NONE,0,0,SPECIES_NONE,0,0,SPECIES_NONE,0,0,SPECIES_NONE,0,0,SPECIES_NONE,0,0,SPECIES_NONE,0,0,SPECIES_NONE,SPECIES_SNUBBULL,SPECIES_NONE,SPECIES_NONE,SPECIES_NONE
R39,25,0,0,0,0,0,16,17,16,17,16,16,16,16,15,15,15,15,SPECIES_RATTATA,SPECIES_RATICATE,SPECIES_RATTATA,SPECIES_RATICATE,SPECIES_MAGNEMITE,SPECIES_MAGNEMITE,SPECIES_FARFETCHD,SPECIES_FARFETCHD,SPECIES_MILTANK,SPECIES_TAUROS,SPECIES_MILTANK,SPECIES_TAUROS,SPECIES_RATTATA,SPECIES_RATICATE,SPECIES_RATTATA,SPECIES_RATICATE,SPECIES_MAGNEMITE,SPECIES_MAGNEMITE,SPECIES_FARFETCHD,SPECIES_FARFETCHD,SPECIES_MILTANK,SPECIES_TAUROS,SPECIES_MILTANK,SPECIES_TAUROS,SPECIES_RATTATA,SPECIES_RATICATE,SPECIES_RATTATA,SPECIES_RATICATE,SPECIES_MAGNEMITE,SPECIES_MAGNEMITE,SPECIES_RATTATA,SPECIES_RATTATA,SPECIES_MILTANK,SPECIES_TAUROS,SPECIES_MILTANK,SPECIES_TAUROS,SPECIES_PLUSLE,SPECIES_MINUN,SPECIES_SHINX,SPECIES_SHINX,0,0,SPECIES_NONE,0,0,SPECIES_NONE,0,0,SPECIES_NONE,0,0,SPECIES_NONE,0,0,SPECIES_NONE,0,0,SPECIES_NONE,0,0,SPECIES_NONE,0,0,SPECIES_NONE,0,0,SPECIES_NONE,0,0,SPECIES_NONE,0,0,SPECIES_NONE,0,0,SPECIES_NONE,0,0,SPECIES_NONE,0,0,SPECIES_NONE,0,0,SPECIES_NONE,0,0,SPECIES_NONE,0,0,SPECIES_NONE,0,0,SPECIES_NONE,0,0,SPECIES_NONE,0,0,SPECIES_NONE,0,0,SPECIES_NONE,0,0,SPECIES_NONE,SPECIES_RATTATA,SPECIES_NONE,SPECIES_NONE,SPECIES_NONE
T26,0,15,0,25,50,75,0,0,0,0,0,0,0,0,0,0,0,0,SPECIES_NONE,SPECIES_NONE,SPECIES_NONE,SPECIES_NONE,SPECIES_NONE,SPECIES_NONE,SPECIES_NONE,SPECIES_NONE,SPECIES_NONE,SPECIES_NONE,SPECIES_NONE,SPECIES_NONE,SPECIES_NONE,SPECIES_NONE,SPECIES_NONE,SPECIES_NONE,SPECIES_NONE,SPECIES_NONE,SPECIES_NONE,SPECIES_NONE,SPECIES_NONE,SPECIES_NONE,SPECIES_NONE,SPECIES_NONE,SPECIES_NONE,SPECIES_NONE,SPECIES_NONE,SPECIES_NONE,SPECIES_NONE,SPECIES_NONE,SPECIES_NONE,SPECIES_NONE,SPECIES_NONE,SPECIES_NONE,SPECIES_NONE,SPECIES_NONE,SPECIES_NONE,SPECIES_NONE,SPECIES_NONE,SPECIES_NONE,15,25,SPECIES_TENTACOOL,10,20,SPECIES_TENTACOOL,15,25,SPECIES_TENTACRUEL,15,25,SPECIES_TENTACRUEL,15,25,SPECIES_TENTACRUEL,0,0,SPECIES_NONE,0,0,SPECIES_NONE,10,10,SPECIES_MAGIKARP,10,10,SPECIES_MAGIKARP,10,10,SPECIES_MAGIKARP,10,10,SPECIES_KRABBY,10,10,SPECIES_KRABBY,20,20,SPECIES_MAGIKARP,20,20,SPECIES_KRABBY,20,20,SPECIES_KRABBY,20,20,SPECIES_CORSOLA,20,20,SPECIES_KRABBY,40,40,SPECIES_KRABBY,40,40,SPECIES_CORSOLA,40,40,SPECIES_KRABBY,40,40,SPECIES_KINGLER,40,40,SPECIES_KRABBY,SPECIES_NONE,SPECIES_TENTACOOL,SPECIES_STARYU,SPECIES_MAGIKARP
W40,0,10,0,25,50,75,0,0,0,0,0,0,0,0,0,0,0,0,SPECIES_NONE,SPECIES_NONE,SPECIES_NONE,SPECIES_NONE,SPECIES_NONE,SPECIES_NONE,SPECIES_NONE,SPECIES_NONE,SPECIES_NONE,SPECIES_NONE,SPECIES_NONE,SPECIES_NONE,SPECIES_NONE,SPECIES_NONE,SPECIES_NONE,SPECIES_NONE,SPECIES_NONE,SPECIES_NONE,SPECIES_NONE,SPECIES_NONE,SPECIES_NONE,SPECIES_NONE,SPECIES_NONE,SPECIES_NONE,SPECIES_NONE,SPECIES_NONE,SPECIES_NONE,SPECIES_NONE,SPECIES_NONE,SPECIES_NONE,SPECIES_NONE,SPECIES_NONE,SPECIES_NONE,SPECIES_NONE,SPECIES_NONE,SPECIES_NONE,SPECIES_NONE,SPECIES_NONE,SPECIES_NONE,SPECIES_NONE,15,25,SPECIES_TENTACOOL,10,20,SPECIES_TENTACOOL,15,25,SPECIES_TENTACRUEL,15,25,SPECIES_TENTACRUEL,15,25,SPECIES_TENTACRUEL,0,0,SPECIES_NONE,0,0,SPECIES_NONE,10,10,SPECIES_MAGIKARP,10,10,SPECIES_MAGIKARP,10,10,SPECIES_MAGIKARP,10,10,SPECIES_KRABBY,10,10,SPECIES_KRABBY,20,20,SPECIES_MAGIKARP,20,20,SPECIES_KRABBY,20,20,SPECIES_KRABBY,20,20,SPECIES_CORSOLA,20,20,SPECIES_KRABBY,40,40,SPECIES_KRABBY,40,40,SPECIES_CORSOLA,40,40,SPECIES_KRABBY,40,40,SPECIES_KINGLER,40,40,SPECIES_KRABBY,SPECIES_NONE,SPECIES_TENTACOOL,SPECIES_STARYU,SPECIES_MAGIKARP
W41,0,10,0,25,50,75,0,0,0,0,0,0,0,0,0,0,0,0,SPECIES_NONE,SPECIES_NONE,SPECIES_NONE,SPECIES_NONE,SPECIES_NONE,SPECIES_NONE,SPECIES_NONE,SPECIES_NONE,SPECIES_NONE,SPECIES_NONE,SPECIES_NONE,SPECIES_NONE,SPECIES_NONE,SPECIES_NONE,SPECIES_NONE,SPECIES_NONE,SPECIES_NONE,SPECIES_NONE,SPECIES_NONE,SPECIES_NONE,SPECIES_NONE,SPECIES_NONE,SPECIES_NONE,SPECIES_NONE,SPECIES_NONE,SPECIES_NONE,SPECIES_NONE,SPECIES_NONE,SPECIES_NONE,SPECIES_NONE,SPECIES_NONE,SPECIES_NONE,SPECIES_NONE,SPECIES_NONE,SPECIES_NONE,SPECIES_NONE,SPECIES_NONE,SPECIES_NONE,SPECIES_NONE,SPECIES_NONE,15,25,SPECIES_TENTACOOL,15,25,SPECIES_TENTACRUEL,15,25,SPECIES_MANTINE,15,25,SPECIES_MANTINE,15,25,SPECIES_MANTINE,0,0,SPECIES_NONE,0,0,SPECIES_NONE,10,10,SPECIES_MAGIKARP,10,10,SPECIES_MAGIKARP,10,10,SPECIES_MAGIKARP,10,10,SPECIES_TENTACOOL,10,10,SPECIES_TENTACOOL,20,20,SPECIES_MAGIKARP,20,20,SPECIES_TENTACOOL,20,20,SPECIES_CHINCHOU,20,20,SPECIES_SHELLDER,20,20,SPECIES_CHINCHOU,40,40,SPECIES_CHINCHOU,40,40,SPECIES_SHELLDER,40,40,SPECIES_TENTACRUEL,40,40,SPECIES_LANTURN,40,40,SPECIES_TENTACRUEL,SPECIES_NONE,SPECIES_TENTACOOL,SPECIES_SHELLDER,SPECIES_MAGIKARP
D40R0101,5,10,0,25,50,75,22,23,22,23,24,24,22,22,23,24,23,24,SPECIES_KRABBY,SPECIES_ZUBAT,SPECIES_KRABBY,SPECIES_ZUBAT,SPECIES_KRABBY,SPECIES_KRABBY,SPECIES_SEEL,SPECIES_SEEL,SPECIES_GOLBAT,SPECIES_SEEL,SPECIES_GOLBAT,SPECIES_SEEL,SPECIES_KRABBY,SPECIES_ZUBAT,SPECIES_KRABBY,SPECIES_ZUBAT,SPECIES_KRABBY,SPECIES_KRABBY,SPECIES_SEEL,SPECIES_SEEL,SPECIES_GOLBAT,SPECIES_SEEL,SPECIES_GOLBAT,SPECIES_SEEL,SPECIES_KRABBY,SPECIES_ZUBAT,SPECIES_KRABBY,SPECIES_ZUBAT,SPECIES_KRABBY,SPECIES_KRABBY,SPECIES_SEEL,SPECIES_SEEL,SPECIES_GOLBAT,SPECIES_SEEL,SPECIES_GOLBAT,SPECIES_SEEL,SPECIES_ABSOL,SPECIES_MAKUHITA,SPECIES_BRONZOR,SPECIES_CHINGLING,15,25,SPECIES_TENTACOOL,10,20,SPECIES_HORSEA,15,25,SPECIES_TENTACRUEL,15,25,SPECIES_TENTACRUEL,15,25,SPECIES_TENTACRUEL,0,0,SPECIES_NONE,0,0,SPECIES_NONE,10,10,SPECIES_MAGIKARP,10,10,SPECIES_MAGIKARP,10,10,SPECIES_MAGIKARP,10,10,SPECIES_KRABBY,10,10,SPECIES_KRABBY,20,20,SPECIES_MAGIKARP,20,20,SPECIES_KRABBY,20,20,SPECIES_KRABBY,20,20,SPECIES_HORSEA,20,20,SPECIES_KRABBY,40,40,SPECIES_KRABBY,40,40,SPECIES_HORSEA,40,40,SPECIES_KINGLER,40,40,SPECIES_SEADRA,40,40,SPECIES_KINGLER,SPECIES_KRABBY,SPECIES_TENTACOOL,SPECIES_HORSEA,SPECIES_MAGIKARP
D40R0102,5,0,0,0,0,0,22,23,22,23,24,24,22,22,23,24,23,24,SPECIES_KRABBY,SPECIES_ZUBAT,SPECIES_KRABBY,SPECIES_ZUBAT,SPECIES_KRABBY,SPECIES_KRABBY,SPECIES_SEEL,SPECIES_SEEL,SPECIES_GOLBAT,SPECIES_SEEL,SPECIES_GOLBAT,SPECIES_SEEL,SPECIES_KRABBY,SPECIES_ZUBAT,SPECIES_KRABBY,SPECIES_ZUBAT,SPECIES_KRABBY,SPECIES_KRABBY,SPECIES_SEEL,SPECIES_SEEL,SPECIES_GOLBAT,SPECIES_SEEL,SPECIES_GOLBAT,SPECIES_SEEL,SPECIES_KRABBY,SPECIES_ZUBAT,SPECIES_KRABBY,SPECIES_ZUBAT,SPECIES_KRABBY,SPECIES_KRABBY,SPECIES_SEEL,SPECIES_SEEL,SPECIES_GOLBAT,SPECIES_SEEL,SPECIES_GOLBAT,SPECIES_SEEL,SPECIES_ABSOL,SPECIES_MAKUHITA,SPECIES_BRONZOR,SPECIES_CHINGLING,0,0,SPECIES_NONE,0,0,SPECIES_NONE,0,0,SPECIES_NONE,0,0,SPECIES_NONE,0,0,SPECIES_NONE,0,0,SPECIES_NONE,0,0,SPECIES_NONE,0,0,SPECIES_NONE,0,0,SPECIES_NONE,0,0,SPECIES_NONE,0,0,SPECIES_NONE,0,0,SPECIES_NONE,0,0,SPECIES_NONE,0,0,SPECIES_NONE,0,0,SPECIES_NONE,0,0,SPECIES_NONE,0,0,SPECIES_NONE,0,0,SPECIES_NONE,0,0,SPECIES_NONE,0,0,SPECIES_NONE,0,0,SPECIES_NONE,0,0,SPECIES_NONE,SPECIES_KRABBY,SPECIES_NONE,SPECIES_NONE,SPECIES_NONE
UNUSED_045,0,0,0,0,0,0,0,0,0,0,0,0,0,0,0,0,0,0,SPECIES_NONE,SPECIES_NONE,SPECIES_NONE,SPECIES_NONE,SPECIES_NONE,SPECIES_NONE,SPECIES_NONE,SPECIES_NONE,SPECIES_NONE,SPECIES_NONE,SPECIES_NONE,SPECIES_NONE,SPECIES_NONE,SPECIES_NONE,SPECIES_NONE,SPECIES_NONE,SPECIES_NONE,SPECIES_NONE,SPECIES_NONE,SPECIES_NONE,SPECIES_NONE,SPECIES_NONE,SPECIES_NONE,SPECIES_NONE,SPECIES_NONE,SPECIES_NONE,SPECIES_NONE,SPECIES_NONE,SPECIES_NONE,SPECIES_NONE,SPECIES_NONE,SPECIES_NONE,SPECIES_NONE,SPECIES_NONE,SPECIES_NONE,SPECIES_NONE,SPECIES_NONE,SPECIES_NONE,SPECIES_NONE,SPECIES_NONE,0,0,SPECIES_NONE,0,0,SPECIES_NONE,0,0,SPECIES_NONE,0,0,SPECIES_NONE,0,0,SPECIES_NONE,0,0,SPECIES_NONE,0,0,SPECIES_NONE,0,0,SPECIES_NONE,0,0,SPECIES_NONE,0,0,SPECIES_NONE,0,0,SPECIES_NONE,0,0,SPECIES_NONE,0,0,SPECIES_NONE,0,0,SPECIES_NONE,0,0,SPECIES_NONE,0,0,SPECIES_NONE,0,0,SPECIES_NONE,0,0,SPECIES_NONE,0,0,SPECIES_NONE,0,0,SPECIES_NONE,0,0,SPECIES_NONE,0,0,SPECIES_NONE,SPECIES_NONE,SPECIES_NONE,SPECIES_NONE,SPECIES_NONE
D40R0104,5,10,0,25,50,75,22,23,22,23,24,24,22,22,23,24,23,24,SPECIES_KRABBY,SPECIES_ZUBAT,SPECIES_KRABBY,SPECIES_ZUBAT,SPECIES_KRABBY,SPECIES_KRABBY,SPECIES_SEEL,SPECIES_SEEL,SPECIES_GOLBAT,SPECIES_SEEL,SPECIES_GOLBAT,SPECIES_SEEL,SPECIES_KRABBY,SPECIES_ZUBAT,SPECIES_KRABBY,SPECIES_ZUBAT,SPECIES_KRABBY,SPECIES_KRABBY,SPECIES_SEEL,SPECIES_SEEL,SPECIES_GOLBAT,SPECIES_SEEL,SPECIES_GOLBAT,SPECIES_SEEL,SPECIES_KRABBY,SPECIES_ZUBAT,SPECIES_KRABBY,SPECIES_ZUBAT,SPECIES_KRABBY,SPECIES_KRABBY,SPECIES_SEEL,SPECIES_SEEL,SPECIES_GOLBAT,SPECIES_SEEL,SPECIES_GOLBAT,SPECIES_SEEL,SPECIES_ABSOL,SPECIES_MAKUHITA,SPECIES_BRONZOR,SPECIES_CHINGLING,15,25,SPECIES_HORSEA,15,25,SPECIES_TENTACRUEL,15,25,SPECIES_SEADRA,15,25,SPECIES_SEADRA,30,30,SPECIES_SEADRA,0,0,SPECIES_NONE,0,0,SPECIES_NONE,10,10,SPECIES_MAGIKARP,10,10,SPECIES_MAGIKARP,10,10,SPECIES_MAGIKARP,10,10,SPECIES_KRABBY,10,10,SPECIES_KRABBY,20,20,SPECIES_MAGIKARP,20,20,SPECIES_KRABBY,20,20,SPECIES_KRABBY,20,20,SPECIES_HORSEA,20,20,SPECIES_KRABBY,40,40,SPECIES_KRABBY,40,40,SPECIES_HORSEA,40,40,SPECIES_KINGLER,40,40,SPECIES_SEADRA,40,40,SPECIES_KINGLER,SPECIES_KRABBY,SPECIES_HORSEA,SPECIES_HORSEA,SPECIES_MAGIKARP
UNUSED_047,0,0,0,0,0,0,0,0,0,0,0,0,0,0,0,0,0,0,SPECIES_NONE,SPECIES_NONE,SPECIES_NONE,SPECIES_NONE,SPECIES_NONE,SPECIES_NONE,SPECIES_NONE,SPECIES_NONE,SPECIES_NONE,SPECIES_NONE,SPECIES_NONE,SPECIES_NONE,SPECIES_NONE,SPECIES_NONE,SPECIES_NONE,SPECIES_NONE,SPECIES_NONE,SPECIES_NONE,SPECIES_NONE,SPECIES_NONE,SPECIES_NONE,SPECIES_NONE,SPECIES_NONE,SPECIES_NONE,SPECIES_NONE,SPECIES_NONE,SPECIES_NONE,SPECIES_NONE,SPECIES_NONE,SPECIES_NONE,SPECIES_NONE,SPECIES_NONE,SPECIES_NONE,SPECIES_NONE,SPECIES_NONE,SPECIES_NONE,SPECIES_NONE,SPECIES_NONE,SPECIES_NONE,SPECIES_NONE,0,0,SPECIES_NONE,0,0,SPECIES_NONE,0,0,SPECIES_NONE,0,0,SPECIES_NONE,0,0,SPECIES_NONE,0,0,SPECIES_NONE,0,0,SPECIES_NONE,0,0,SPECIES_NONE,0,0,SPECIES_NONE,0,0,SPECIES_NONE,0,0,SPECIES_NONE,0,0,SPECIES_NONE,0,0,SPECIES_NONE,0,0,SPECIES_NONE,0,0,SPECIES_NONE,0,0,SPECIES_NONE,0,0,SPECIES_NONE,0,0,SPECIES_NONE,0,0,SPECIES_NONE,0,0,SPECIES_NONE,0,0,SPECIES_NONE,0,0,SPECIES_NONE,SPECIES_NONE,SPECIES_NONE,SPECIES_NONE,SPECIES_NONE
D40R0106,5,0,0,0,0,0,23,24,23,24,25,25,23,23,24,25,24,25,SPECIES_KRABBY,SPECIES_ZUBAT,SPECIES_KRABBY,SPECIES_ZUBAT,SPECIES_KRABBY,SPECIES_KRABBY,SPECIES_SEEL,SPECIES_SEEL,SPECIES_GOLBAT,SPECIES_SEEL,SPECIES_GOLBAT,SPECIES_SEEL,SPECIES_KRABBY,SPECIES_ZUBAT,SPECIES_KRABBY,SPECIES_ZUBAT,SPECIES_KRABBY,SPECIES_KRABBY,SPECIES_SEEL,SPECIES_SEEL,SPECIES_GOLBAT,SPECIES_SEEL,SPECIES_GOLBAT,SPECIES_SEEL,SPECIES_KRABBY,SPECIES_ZUBAT,SPECIES_KRABBY,SPECIES_ZUBAT,SPECIES_KRABBY,SPECIES_KRABBY,SPECIES_SEEL,SPECIES_SEEL,SPECIES_GOLBAT,SPECIES_SEEL,SPECIES_GOLBAT,SPECIES_SEEL,SPECIES_ABSOL,SPECIES_MAKUHITA,SPECIES_BRONZOR,SPECIES_CHINGLING,0,0,SPECIES_NONE,0,0,SPECIES_NONE,0,0,SPECIES_NONE,0,0,SPECIES_NONE,0,0,SPECIES_NONE,0,0,SPECIES_NONE,0,0,SPECIES_NONE,0,0,SPECIES_NONE,0,0,SPECIES_NONE,0,0,SPECIES_NONE,0,0,SPECIES_NONE,0,0,SPECIES_NONE,0,0,SPECIES_NONE,0,0,SPECIES_NONE,0,0,SPECIES_NONE,0,0,SPECIES_NONE,0,0,SPECIES_NONE,0,0,SPECIES_NONE,0,0,SPECIES_NONE,0,0,SPECIES_NONE,0,0,SPECIES_NONE,0,0,SPECIES_NONE,SPECIES_KRABBY,SPECIES_NONE,SPECIES_NONE,SPECIES_NONE
UNUSED_049,0,0,0,0,0,0,0,0,0,0,0,0,0,0,0,0,0,0,SPECIES_NONE,SPECIES_NONE,SPECIES_NONE,SPECIES_NONE,SPECIES_NONE,SPECIES_NONE,SPECIES_NONE,SPECIES_NONE,SPECIES_NONE,SPECIES_NONE,SPECIES_NONE,SPECIES_NONE,SPECIES_NONE,SPECIES_NONE,SPECIES_NONE,SPECIES_NONE,SPECIES_NONE,SPECIES_NONE,SPECIES_NONE,SPECIES_NONE,SPECIES_NONE,SPECIES_NONE,SPECIES_NONE,SPECIES_NONE,SPECIES_NONE,SPECIES_NONE,SPECIES_NONE,SPECIES_NONE,SPECIES_NONE,SPECIES_NONE,SPECIES_NONE,SPECIES_NONE,SPECIES_NONE,SPECIES_NONE,SPECIES_NONE,SPECIES_NONE,SPECIES_NONE,SPECIES_NONE,SPECIES_NONE,SPECIES_NONE,0,0,SPECIES_NONE,0,0,SPECIES_NONE,0,0,SPECIES_NONE,0,0,SPECIES_NONE,0,0,SPECIES_NONE,0,0,SPECIES_NONE,0,0,SPECIES_NONE,0,0,SPECIES_NONE,0,0,SPECIES_NONE,0,0,SPECIES_NONE,0,0,SPECIES_NONE,0,0,SPECIES_NONE,0,0,SPECIES_NONE,0,0,SPECIES_NONE,0,0,SPECIES_NONE,0,0,SPECIES_NONE,0,0,SPECIES_NONE,0,0,SPECIES_NONE,0,0,SPECIES_NONE,0,0,SPECIES_NONE,0,0,SPECIES_NONE,0,0,SPECIES_NONE,SPECIES_NONE,SPECIES_NONE,SPECIES_NONE,SPECIES_NONE
UNUSED_050,0,0,0,0,0,0,0,0,0,0,0,0,0,0,0,0,0,0,SPECIES_NONE,SPECIES_NONE,SPECIES_NONE,SPECIES_NONE,SPECIES_NONE,SPECIES_NONE,SPECIES_NONE,SPECIES_NONE,SPECIES_NONE,SPECIES_NONE,SPECIES_NONE,SPECIES_NONE,SPECIES_NONE,SPECIES_NONE,SPECIES_NONE,SPECIES_NONE,SPECIES_NONE,SPECIES_NONE,SPECIES_NONE,SPECIES_NONE,SPECIES_NONE,SPECIES_NONE,SPECIES_NONE,SPECIES_NONE,SPECIES_NONE,SPECIES_NONE,SPECIES_NONE,SPECIES_NONE,SPECIES_NONE,SPECIES_NONE,SPECIES_NONE,SPECIES_NONE,SPECIES_NONE,SPECIES_NONE,SPECIES_NONE,SPECIES_NONE,SPECIES_NONE,SPECIES_NONE,SPECIES_NONE,SPECIES_NONE,0,0,SPECIES_NONE,0,0,SPECIES_NONE,0,0,SPECIES_NONE,0,0,SPECIES_NONE,0,0,SPECIES_NONE,0,0,SPECIES_NONE,0,0,SPECIES_NONE,0,0,SPECIES_NONE,0,0,SPECIES_NONE,0,0,SPECIES_NONE,0,0,SPECIES_NONE,0,0,SPECIES_NONE,0,0,SPECIES_NONE,0,0,SPECIES_NONE,0,0,SPECIES_NONE,0,0,SPECIES_NONE,0,0,SPECIES_NONE,0,0,SPECIES_NONE,0,0,SPECIES_NONE,0,0,SPECIES_NONE,0,0,SPECIES_NONE,0,0,SPECIES_NONE,SPECIES_NONE,SPECIES_NONE,SPECIES_NONE,SPECIES_NONE
T24,0,15,30,25,50,75,0,0,0,0,0,0,0,0,0,0,0,0,SPECIES_NONE,SPECIES_NONE,SPECIES_NONE,SPECIES_NONE,SPECIES_NONE,SPECIES_NONE,SPECIES_NONE,SPECIES_NONE,SPECIES_NONE,SPECIES_NONE,SPECIES_NONE,SPECIES_NONE,SPECIES_NONE,SPECIES_NONE,SPECIES_NONE,SPECIES_NONE,SPECIES_NONE,SPECIES_NONE,SPECIES_NONE,SPECIES_NONE,SPECIES_NONE,SPECIES_NONE,SPECIES_NONE,SPECIES_NONE,SPECIES_NONE,SPECIES_NONE,SPECIES_NONE,SPECIES_NONE,SPECIES_NONE,SPECIES_NONE,SPECIES_NONE,SPECIES_NONE,SPECIES_NONE,SPECIES_NONE,SPECIES_NONE,SPECIES_NONE,SPECIES_NONE,SPECIES_NONE,SPECIES_NONE,SPECIES_NONE,15,25,SPECIES_TENTACOOL,10,20,SPECIES_TENTACOOL,15,25,SPECIES_TENTACRUEL,15,25,SPECIES_TENTACRUEL,15,25,SPECIES_TENTACRUEL,15,24,SPECIES_KRABBY,23,28,SPECIES_SHUCKLE,10,10,SPECIES_MAGIKARP,10,10,SPECIES_MAGIKARP,10,10,SPECIES_MAGIKARP,10,10,SPECIES_KRABBY,10,10,SPECIES_KRABBY,20,20,SPECIES_MAGIKARP,20,20,SPECIES_KRABBY,20,20,SPECIES_KRABBY,20,20,SPECIES_CORSOLA,20,20,SPECIES_KRABBY,40,40,SPECIES_KRABBY,40,40,SPECIES_CORSOLA,40,40,SPECIES_KRABBY,40,40,SPECIES_KINGLER,40,40,SPECIES_KRABBY,SPECIES_NONE,SPECIES_TENTACOOL,SPECIES_STARYU,SPECIES_MAGIKARP
R42,25,10,0,25,50,75,15,13,15,13,14,14,16,16,15,17,15,17,SPECIES_MANKEY,SPECIES_MAREEP,SPECIES_MANKEY,SPECIES_MAREEP,SPECIES_SPEAROW,SPECIES_SPEAROW,SPECIES_SPEAROW,SPECIES_SPEAROW,SPECIES_FLAAFFY,SPECIES_FLAAFFY,SPECIES_FLAAFFY,SPECIES_FLAAFFY,SPECIES_MANKEY,SPECIES_MAREEP,SPECIES_MANKEY,SPECIES_MAREEP,SPECIES_SPEAROW,SPECIES_SPEAROW,SPECIES_SPEAROW,SPECIES_SPEAROW,SPECIES_FLAAFFY,SPECIES_FLAAFFY,SPECIES_FLAAFFY,SPECIES_FLAAFFY,SPECIES_MANKEY,SPECIES_MAREEP,SPECIES_MANKEY,SPECIES_MAREEP,SPECIES_ZUBAT,SPECIES_ZUBAT,SPECIES_ZUBAT,SPECIES_ZUBAT,SPECIES_FLAAFFY,SPECIES_FLAAFFY,SPECIES_FLAAFFY,SPECIES_FLAAFFY,SPECIES_WHISMUR,SPECIES_LINOONE,SPECIES_BUIZEL,SPECIES_BIDOOF,15,25,SPECIES_GOLDEEN,10,20,SPECIES_GOLDEEN,15,25,SPECIES_SEAKING,15,25,SPECIES_SEAKING,15,25,SPECIES_SEAKING,0,0,SPECIES_NONE,0,0,SPECIES_NONE,10,10,SPECIES_MAGIKARP,10,10,SPECIES_MAGIKARP,10,10,SPECIES_MAGIKARP,10,10,SPECIES_GOLDEEN,10,10,SPECIES_GOLDEEN,20,20,SPECIES_MAGIKARP,20,20,SPECIES_GOLDEEN,20,20,SPECIES_GOLDEEN,20,20,SPECIES_GOLDEEN,20,20,SPECIES_GOLDEEN,40,40,SPECIES_GOLDEEN,40,40,SPECIES_GOLDEEN,40,40,SPECIES_MAGIKARP,40,40,SPECIES_SEAKING,40,40,SPECIES_MAGIKARP,SPECIES_MANKEY,SPECIES_GOLDEEN,SPECIES_GOLDEEN,SPECIES_MAGIKARP
D38R0101,10,10,0,25,50,75,13,15,13,15,14,14,14,14,14,16,14,15,SPECIES_ZUBAT,SPECIES_ZUBAT,SPECIES_ZUBAT,SPECIES_ZUBAT,SPECIES_MACHOP,SPECIES_MACHOP,SPECIES_RATTATA,SPECIES_RATTATA,SPECIES_GEODUDE,SPECIES_RATTATA,SPECIES_GEODUDE,SPECIES_MARILL,SPECIES_ZUBAT,SPECIES_ZUBAT,SPECIES_ZUBAT,SPECIES_ZUBAT,SPECIES_MACHOP,SPECIES_MACHOP,SPECIES_RATTATA,SPECIES_RATTATA,SPECIES_GEODUDE,SPECIES_RATTATA,SPECIES_GEODUDE,SPECIES_MARILL,SPECIES_ZUBAT,SPECIES_ZUBAT,SPECIES_ZUBAT,SPECIES_ZUBAT,SPECIES_MACHOP,SPECIES_MACHOP,SPECIES_RATTATA,SPECIES_RATTATA,SPECIES_GEODUDE,SPECIES_RATTATA,SPECIES_GEODUDE,SPECIES_MARILL,SPECIES_ABSOL,SPECIES_MAKUHITA,SPECIES_BRONZOR,SPECIES_CHINGLING,15,25,SPECIES_GOLDEEN,10,20,SPECIES_GOLDEEN,15,25,SPECIES_SEAKING,15,25,SPECIES_SEAKING,15,25,SPECIES_SEAKING,0,0,SPECIES_NONE,0,0,SPECIES_NONE,10,10,SPECIES_MAGIKARP,10,10,SPECIES_MAGIKARP,10,10,SPECIES_MAGIKARP,10,10,SPECIES_GOLDEEN,10,10,SPECIES_GOLDEEN,20,20,SPECIES_MAGIKARP,20,20,SPECIES_GOLDEEN,20,20,SPECIES_GOLDEEN,20,20,SPECIES_GOLDEEN,20,20,SPECIES_GOLDEEN,40,40,SPECIES_GOLDEEN,40,40,SPECIES_GOLDEEN,40,40,SPECIES_MAGIKARP,40,40,SPECIES_SEAKING,40,40,SPECIES_MAGIKARP,SPECIES_MARILL,SPECIES_GOLDEEN,SPECIES_GOLDEEN,SPECIES_MAGIKARP
D38R0102,10,0,0,0,0,0,13,13,13,13,15,15,14,14,15,14,15,14,SPECIES_GEODUDE,SPECIES_MACHOP,SPECIES_GEODUDE,SPECIES_MACHOP,SPECIES_GEODUDE,SPECIES_GEODUDE,SPECIES_RATTATA,SPECIES_RATTATA,SPECIES_MACHOP,SPECIES_ZUBAT,SPECIES_MACHOP,SPECIES_ZUBAT,SPECIES_GEODUDE,SPECIES_MACHOP,SPECIES_GEODUDE,SPECIES_MACHOP,SPECIES_GEODUDE,SPECIES_GEODUDE,SPECIES_RATTATA,SPECIES_RATTATA,SPECIES_MACHOP,SPECIES_ZUBAT,SPECIES_MACHOP,SPECIES_ZUBAT,SPECIES_GEODUDE,SPECIES_MACHOP,SPECIES_GEODUDE,SPECIES_MACHOP,SPECIES_GEODUDE,SPECIES_GEODUDE,SPECIES_RATTATA,SPECIES_RATTATA,SPECIES_MACHOP,SPECIES_ZUBAT,SPECIES_MACHOP,SPECIES_ZUBAT,SPECIES_ABSOL,SPECIES_MAKUHITA,SPECIES_BRONZOR,SPECIES_CHINGLING,0,0,SPECIES_NONE,0,0,SPECIES_NONE,0,0,SPECIES_NONE,0,0,SPECIES_NONE,0,0,SPECIES_NONE,0,0,SPECIES_NONE,0,0,SPECIES_NONE,0,0,SPECIES_NONE,0,0,SPECIES_NONE,0,0,SPECIES_NONE,0,0,SPECIES_NONE,0,0,SPECIES_NONE,0,0,SPECIES_NONE,0,0,SPECIES_NONE,0,0,SPECIES_NONE,0,0,SPECIES_NONE,0,0,SPECIES_NONE,0,0,SPECIES_NONE,0,0,SPECIES_NONE,0,0,SPECIES_NONE,0,0,SPECIES_NONE,0,0,SPECIES_NONE,SPECIES_GEODUDE,SPECIES_NONE,SPECIES_NONE,SPECIES_NONE
D38R0103,10,10,0,25,50,75,31,32,31,32,31,31,30,30,28,30,28,30,SPECIES_GRAVELER,SPECIES_MACHOKE,SPECIES_GRAVELER,SPECIES_MACHOKE,SPECIES_GEODUDE,SPECIES_GEODUDE,SPECIES_RATICATE,SPECIES_RATICATE,SPECIES_MACHOP,SPECIES_GOLBAT,SPECIES_MACHOP,SPECIES_GOLBAT,SPECIES_GRAVELER,SPECIES_MACHOKE,SPECIES_GRAVELER,SPECIES_MACHOKE,SPECIES_GEODUDE,SPECIES_GEODUDE,SPECIES_RATICATE,SPECIES_RATICATE,SPECIES_MACHOP,SPECIES_GOLBAT,SPECIES_MACHOP,SPECIES_GOLBAT,SPECIES_GRAVELER,SPECIES_MACHOKE,SPECIES_GRAVELER,SPECIES_MACHOKE,SPECIES_GEODUDE,SPECIES_GEODUDE,SPECIES_RATICATE,SPECIES_RATICATE,SPECIES_MACHOP,SPECIES_GOLBAT,SPECIES_MACHOP,SPECIES_GOLBAT,SPECIES_ABSOL,SPECIES_MAKUHITA,SPECIES_BRONZOR,SPECIES_CHINGLING,15,25,SPECIES_GOLDEEN,20,30,SPECIES_GOLDEEN,20,30,SPECIES_SEAKING,20,30,SPECIES_SEAKING,20,30,SPECIES_SEAKING,0,0,SPECIES_NONE,0,0,SPECIES_NONE,10,10,SPECIES_MAGIKARP,10,10,SPECIES_MAGIKARP,10,10,SPECIES_MAGIKARP,10,10,SPECIES_GOLDEEN,10,10,SPECIES_GOLDEEN,20,20,SPECIES_MAGIKARP,20,20,SPECIES_GOLDEEN,20,20,SPECIES_GOLDEEN,20,20,SPECIES_GOLDEEN,20,20,SPECIES_GOLDEEN,40,40,SPECIES_GOLDEEN,40,40,SPECIES_GOLDEEN,40,40,SPECIES_MAGIKARP,40,40,SPECIES_SEAKING,40,40,SPECIES_MAGIKARP,SPECIES_GRAVELER,SPECIES_GOLDEEN,SPECIES_GOLDEEN,SPECIES_MAGIKARP
D38R0104,10,10,0,25,50,75,15,17,15,17,16,16,16,16,16,16,16,16,SPECIES_ZUBAT,SPECIES_ZUBAT,SPECIES_ZUBAT,SPECIES_ZUBAT,SPECIES_RATTATA,SPECIES_RATTATA,SPECIES_MACHOP,SPECIES_MACHOP,SPECIES_GEODUDE,SPECIES_RATICATE,SPECIES_GEODUDE,SPECIES_RATICATE,SPECIES_ZUBAT,SPECIES_ZUBAT,SPECIES_ZUBAT,SPECIES_ZUBAT,SPECIES_RATTATA,SPECIES_RATTATA,SPECIES_MACHOP,SPECIES_MACHOP,SPECIES_GEODUDE,SPECIES_RATICATE,SPECIES_GEODUDE,SPECIES_RATICATE,SPECIES_ZUBAT,SPECIES_ZUBAT,SPECIES_ZUBAT,SPECIES_ZUBAT,SPECIES_RATTATA,SPECIES_RATTATA,SPECIES_MACHOP,SPECIES_MACHOP,SPECIES_GEODUDE,SPECIES_RATICATE,SPECIES_GEODUDE,SPECIES_RATICATE,SPECIES_ABSOL,SPECIES_MAKUHITA,SPECIES_BRONZOR,SPECIES_CHINGLING,15,25,SPECIES_GOLDEEN,10,20,SPECIES_GOLDEEN,15,25,SPECIES_SEAKING,15,25,SPECIES_SEAKING,15,25,SPECIES_SEAKING,0,0,SPECIES_NONE,0,0,SPECIES_NONE,10,10,SPECIES_MAGIKARP,10,10,SPECIES_MAGIKARP,10,10,SPECIES_MAGIKARP,10,10,SPECIES_GOLDEEN,10,10,SPECIES_GOLDEEN,20,20,SPECIES_MAGIKARP,20,20,SPECIES_GOLDEEN,20,20,SPECIES_GOLDEEN,20,20,SPECIES_GOLDEEN,20,20,SPECIES_GOLDEEN,40,40,SPECIES_GOLDEEN,40,40,SPECIES_GOLDEEN,40,40,SPECIES_MAGIKARP,40,40,SPECIES_SEAKING,40,40,SPECIES_MAGIKARP,SPECIES_ZUBAT,SPECIES_GOLDEEN,SPECIES_GOLDEEN,SPECIES_MAGIKARP
R43,20,10,0,25,50,75,15,15,15,15,17,17,15,15,16,17,16,17,SPECIES_FLAAFFY,SPECIES_GIRAFARIG,SPECIES_FLAAFFY,SPECIES_GIRAFARIG,SPECIES_PIDGEOTTO,SPECIES_PIDGEOTTO,SPECIES_MAREEP,SPECIES_MAREEP,SPECIES_VENONAT,SPECIES_PIDGEOTTO,SPECIES_VENONAT,SPECIES_PIDGEOTTO,SPECIES_FLAAFFY,SPECIES_GIRAFARIG,SPECIES_FLAAFFY,SPECIES_GIRAFARIG,SPECIES_PIDGEOTTO,SPECIES_PIDGEOTTO,SPECIES_MAREEP,SPECIES_MAREEP,SPECIES_FLAAFFY,SPECIES_FLAAFFY,SPECIES_FLAAFFY,SPECIES_FLAAFFY,SPECIES_FLAAFFY,SPECIES_GIRAFARIG,SPECIES_FLAAFFY,SPECIES_GIRAFARIG,SPECIES_NOCTOWL,SPECIES_NOCTOWL,SPECIES_VENONAT,SPECIES_VENONAT,SPECIES_MAREEP,SPECIES_VENONAT,SPECIES_MAREEP,SPECIES_VENONAT,SPECIES_WHISMUR,SPECIES_LINOONE,SPECIES_BUIZEL,SPECIES_BIDOOF,15,25,SPECIES_MAGIKARP,10,20,SPECIES_MAGIKARP,5,15,SPECIES_MAGIKARP,5,15,SPECIES_MAGIKARP,50,50,SPECIES_MAGIKARP,0,0,SPECIES_NONE,0,0,SPECIES_NONE,10,10,SPECIES_MAGIKARP,10,10,SPECIES_MAGIKARP,10,10,SPECIES_MAGIKARP,10,10,SPECIES_POLIWAG,10,10,SPECIES_POLIWAG,20,20,SPECIES_MAGIKARP,20,20,SPECIES_POLIWAG,20,20,SPECIES_POLIWAG,20,20,SPECIES_POLIWAG,20,20,SPECIES_POLIWAG,40,40,SPECIES_POLIWAG,40,40,SPECIES_POLIWAG,40,40,SPECIES_MAGIKARP,40,40,SPECIES_POLIWAG,40,40,SPECIES_MAGIKARP,SPECIES_FLAAFFY,SPECIES_MAGIKARP,SPECIES_POLIWAG,SPECIES_MAGIKARP
T29,0,10,0,25,50,75,0,0,0,0,0,0,0,0,0,0,0,0,SPECIES_NONE,SPECIES_NONE,SPECIES_NONE,SPECIES_NONE,SPECIES_NONE,SPECIES_NONE,SPECIES_NONE,SPECIES_NONE,SPECIES_NONE,SPECIES_NONE,SPECIES_NONE,SPECIES_NONE,SPECIES_NONE,SPECIES_NONE,SPECIES_NONE,SPECIES_NONE,SPECIES_NONE,SPECIES_NONE,SPECIES_NONE,SPECIES_NONE,SPECIES_NONE,SPECIES_NONE,SPECIES_NONE,SPECIES_NONE,SPECIES_NONE,SPECIES_NONE,SPECIES_NONE,SPECIES_NONE,SPECIES_NONE,SPECIES_NONE,SPECIES_NONE,SPECIES_NONE,SPECIES_NONE,SPECIES_NONE,SPECIES_NONE,SPECIES_NONE,SPECIES_NONE,SPECIES_NONE,SPECIES_NONE,SPECIES_NONE,10,20,SPECIES_MAGIKARP,5,15,SPECIES_MAGIKARP,10,20,SPECIES_GYARADOS,10,20,SPECIES_GYARADOS,10,20,SPECIES_GYARADOS,0,0,SPECIES_NONE,0,0,SPECIES_NONE,10,10,SPECIES_MAGIKARP,10,10,SPECIES_MAGIKARP,10,10,SPECIES_MAGIKARP,10,10,SPECIES_MAGIKARP,10,10,SPECIES_MAGIKARP,20,20,SPECIES_MAGIKARP,20,20,SPECIES_MAGIKARP,20,20,SPECIES_MAGIKARP,20,20,SPECIES_GYARADOS,20,20,SPECIES_MAGIKARP,40,40,SPECIES_MAGIKARP,40,40,SPECIES_GYARADOS,40,40,SPECIES_MAGIKARP,40,40,SPECIES_MAGIKARP,40,40,SPECIES_MAGIKARP,SPECIES_NONE,SPECIES_MAGIKARP,SPECIES_GYARADOS,SPECIES_MAGIKARP
R44,25,10,0,25,50,75,23,22,23,22,22,22,24,24,24,26,24,26,SPECIES_TANGELA,SPECIES_WEEPINBELL,SPECIES_TANGELA,SPECIES_WEEPINBELL,SPECIES_BELLSPROUT,SPECIES_BELLSPROUT,SPECIES_LICKITUNG,SPECIES_LICKITUNG,SPECIES_WEEPINBELL,SPECIES_LICKITUNG,SPECIES_WEEPINBELL,SPECIES_LICKITUNG,SPECIES_TANGELA,SPECIES_WEEPINBELL,SPECIES_TANGELA,SPECIES_WEEPINBELL,SPECIES_BELLSPROUT,SPECIES_BELLSPROUT,SPECIES_LICKITUNG,SPECIES_LICKITUNG,SPECIES_WEEPINBELL,SPECIES_LICKITUNG,SPECIES_WEEPINBELL,SPECIES_LICKITUNG,SPECIES_TANGELA,SPECIES_WEEPINBELL,SPECIES_TANGELA,SPECIES_WEEPINBELL,SPECIES_BELLSPROUT,SPECIES_BELLSPROUT,SPECIES_LICKITUNG,SPECIES_LICKITUNG,SPECIES_WEEPINBELL,SPECIES_LICKITUNG,SPECIES_WEEPINBELL,SPECIES_LICKITUNG,SPECIES_WHISMUR,SPECIES_LINOONE,SPECIES_BUIZEL,SPECIES_BIDOOF,20,30,SPECIES_POLIWAG,15,25,SPECIES_POLIWAG,20,30,SPECIES_POLIWHIRL,20,30,SPECIES_POLIWHIRL,20,30,SPECIES_POLIWHIRL,0,0,SPECIES_NONE,0,0,SPECIES_NONE,10,10,SPECIES_MAGIKARP,10,10,SPECIES_MAGIKARP,10,10,SPECIES_MAGIKARP,10,10,SPECIES_POLIWAG,10,10,SPECIES_POLIWAG,20,20,SPECIES_MAGIKARP,20,20,SPECIES_POLIWAG,20,20,SPECIES_POLIWAG,20,20,SPECIES_POLIWAG,20,20,SPECIES_REMORAID,40,40,SPECIES_POLIWAG,40,40,SPECIES_POLIWAG,40,40,SPECIES_MAGIKARP,40,40,SPECIES_REMORAID,40,40,SPECIES_MAGIKARP,SPECIES_TANGELA,SPECIES_POLIWAG,SPECIES_POLIWAG,SPECIES_REMORAID
D39R0101,5,0,0,0,0,0,21,22,21,22,22,22,23,23,22,22,22,22,SPECIES_SWINUB,SPECIES_GOLBAT,SPECIES_SWINUB,SPECIES_GOLBAT,SPECIES_ZUBAT,SPECIES_ZUBAT,SPECIES_SWINUB,SPECIES_SWINUB,SPECIES_ZUBAT,SPECIES_JYNX,SPECIES_ZUBAT,SPECIES_JYNX,SPECIES_SWINUB,SPECIES_GOLBAT,SPECIES_SWINUB,SPECIES_GOLBAT,SPECIES_ZUBAT,SPECIES_ZUBAT,SPECIES_SWINUB,SPECIES_SWINUB,SPECIES_JYNX,SPECIES_JYNX,SPECIES_JYNX,SPECIES_JYNX,SPECIES_SWINUB,SPECIES_GOLBAT,SPECIES_SWINUB,SPECIES_GOLBAT,SPECIES_ZUBAT,SPECIES_ZUBAT,SPECIES_SWINUB,SPECIES_SWINUB,SPECIES_ZUBAT,SPECIES_JYNX,SPECIES_ZUBAT,SPECIES_JYNX,SPECIES_ABSOL,SPECIES_MAKUHITA,SPECIES_BRONZOR,SPECIES_CHINGLING,0,0,SPECIES_NONE,0,0,SPECIES_NONE,0,0,SPECIES_NONE,0,0,SPECIES_NONE,0,0,SPECIES_NONE,0,0,SPECIES_NONE,0,0,SPECIES_NONE,0,0,SPECIES_NONE,0,0,SPECIES_NONE,0,0,SPECIES_NONE,0,0,SPECIES_NONE,0,0,SPECIES_NONE,0,0,SPECIES_NONE,0,0,SPECIES_NONE,0,0,SPECIES_NONE,0,0,SPECIES_NONE,0,0,SPECIES_NONE,0,0,SPECIES_NONE,0,0,SPECIES_NONE,0,0,SPECIES_NONE,0,0,SPECIES_NONE,0,0,SPECIES_NONE,SPECIES_SWINUB,SPECIES_NONE,SPECIES_NONE,SPECIES_NONE
D39R0102,5,0,0,0,0,0,21,22,21,22,22,22,23,23,22,22,22,22,SPECIES_SWINUB,SPECIES_GOLBAT,SPECIES_SWINUB,SPECIES_GOLBAT,SPECIES_ZUBAT,SPECIES_ZUBAT,SPECIES_SWINUB,SPECIES_SWINUB,SPECIES_ZUBAT,SPECIES_JYNX,SPECIES_ZUBAT,SPECIES_JYNX,SPECIES_SWINUB,SPECIES_GOLBAT,SPECIES_SWINUB,SPECIES_GOLBAT,SPECIES_ZUBAT,SPECIES_ZUBAT,SPECIES_SWINUB,SPECIES_SWINUB,SPECIES_JYNX,SPECIES_JYNX,SPECIES_JYNX,SPECIES_JYNX,SPECIES_SWINUB,SPECIES_GOLBAT,SPECIES_SWINUB,SPECIES_GOLBAT,SPECIES_ZUBAT,SPECIES_ZUBAT,SPECIES_SWINUB,SPECIES_SWINUB,SPECIES_ZUBAT,SPECIES_JYNX,SPECIES_ZUBAT,SPECIES_JYNX,SPECIES_ABSOL,SPECIES_MAKUHITA,SPECIES_BRONZOR,SPECIES_CHINGLING,0,0,SPECIES_NONE,0,0,SPECIES_NONE,0,0,SPECIES_NONE,0,0,SPECIES_NONE,0,0,SPECIES_NONE,0,0,SPECIES_NONE,0,0,SPECIES_NONE,0,0,SPECIES_NONE,0,0,SPECIES_NONE,0,0,SPECIES_NONE,0,0,SPECIES_NONE,0,0,SPECIES_NONE,0,0,SPECIES_NONE,0,0,SPECIES_NONE,0,0,SPECIES_NONE,0,0,SPECIES_NONE,0,0,SPECIES_NONE,0,0,SPECIES_NONE,0,0,SPECIES_NONE,0,0,SPECIES_NONE,0,0,SPECIES_NONE,0,0,SPECIES_NONE,SPECIES_SWINUB,SPECIES_NONE,SPECIES_NONE,SPECIES_NONE
D39R0103,5,0,0,0,0,0,22,23,22,23,23,23,24,24,23,23,23,23,SPECIES_SWINUB,SPECIES_GOLBAT,SPECIES_SWINUB,SPECIES_GOLBAT,SPECIES_ZUBAT,SPECIES_ZUBAT,SPECIES_SWINUB,SPECIES_SWINUB,SPECIES_ZUBAT,SPECIES_JYNX,SPECIES_ZUBAT,SPECIES_JYNX,SPECIES_SWINUB,SPECIES_GOLBAT,SPECIES_SWINUB,SPECIES_GOLBAT,SPECIES_ZUBAT,SPECIES_ZUBAT,SPECIES_SWINUB,SPECIES_SWINUB,SPECIES_JYNX,SPECIES_JYNX,SPECIES_JYNX,SPECIES_JYNX,SPECIES_SWINUB,SPECIES_GOLBAT,SPECIES_SWINUB,SPECIES_GOLBAT,SPECIES_ZUBAT,SPECIES_ZUBAT,SPECIES_SWINUB,SPECIES_SWINUB,SPECIES_ZUBAT,SPECIES_JYNX,SPECIES_ZUBAT,SPECIES_JYNX,SPECIES_ABSOL,SPECIES_MAKUHITA,SPECIES_BRONZOR,SPECIES_CHINGLING,0,0,SPECIES_NONE,0,0,SPECIES_NONE,0,0,SPECIES_NONE,0,0,SPECIES_NONE,0,0,SPECIES_NONE,0,0,SPECIES_NONE,0,0,SPECIES_NONE,0,0,SPECIES_NONE,0,0,SPECIES_NONE,0,0,SPECIES_NONE,0,0,SPECIES_NONE,0,0,SPECIES_NONE,0,0,SPECIES_NONE,0,0,SPECIES_NONE,0,0,SPECIES_NONE,0,0,SPECIES_NONE,0,0,SPECIES_NONE,0,0,SPECIES_NONE,0,0,SPECIES_NONE,0,0,SPECIES_NONE,0,0,SPECIES_NONE,0,0,SPECIES_NONE,SPECIES_SWINUB,SPECIES_NONE,SPECIES_NONE,SPECIES_NONE
D39R0104,5,0,0,0,0,0,22,23,22,23,23,23,24,24,23,23,23,23,SPECIES_SWINUB,SPECIES_GOLBAT,SPECIES_SWINUB,SPECIES_GOLBAT,SPECIES_ZUBAT,SPECIES_ZUBAT,SPECIES_SWINUB,SPECIES_SWINUB,SPECIES_ZUBAT,SPECIES_JYNX,SPECIES_ZUBAT,SPECIES_JYNX,SPECIES_SWINUB,SPECIES_GOLBAT,SPECIES_SWINUB,SPECIES_GOLBAT,SPECIES_ZUBAT,SPECIES_ZUBAT,SPECIES_SWINUB,SPECIES_SWINUB,SPECIES_JYNX,SPECIES_JYNX,SPECIES_JYNX,SPECIES_JYNX,SPECIES_SWINUB,SPECIES_GOLBAT,SPECIES_SWINUB,SPECIES_GOLBAT,SPECIES_ZUBAT,SPECIES_ZUBAT,SPECIES_SWINUB,SPECIES_SWINUB,SPECIES_ZUBAT,SPECIES_JYNX,SPECIES_ZUBAT,SPECIES_JYNX,SPECIES_ABSOL,SPECIES_MAKUHITA,SPECIES_BRONZOR,SPECIES_CHINGLING,0,0,SPECIES_NONE,0,0,SPECIES_NONE,0,0,SPECIES_NONE,0,0,SPECIES_NONE,0,0,SPECIES_NONE,0,0,SPECIES_NONE,0,0,SPECIES_NONE,0,0,SPECIES_NONE,0,0,SPECIES_NONE,0,0,SPECIES_NONE,0,0,SPECIES_NONE,0,0,SPECIES_NONE,0,0,SPECIES_NONE,0,0,SPECIES_NONE,0,0,SPECIES_NONE,0,0,SPECIES_NONE,0,0,SPECIES_NONE,0,0,SPECIES_NONE,0,0,SPECIES_NONE,0,0,SPECIES_NONE,0,0,SPECIES_NONE,0,0,SPECIES_NONE,SPECIES_SWINUB,SPECIES_NONE,SPECIES_NONE,SPECIES_NONE
UNUSED_064,0,0,0,0,0,0,0,0,0,0,0,0,0,0,0,0,0,0,SPECIES_NONE,SPECIES_NONE,SPECIES_NONE,SPECIES_NONE,SPECIES_NONE,SPECIES_NONE,SPECIES_NONE,SPECIES_NONE,SPECIES_NONE,SPECIES_NONE,SPECIES_NONE,SPECIES_NONE,SPECIES_NONE,SPECIES_NONE,SPECIES_NONE,SPECIES_NONE,SPECIES_NONE,SPECIES_NONE,SPECIES_NONE,SPECIES_NONE,SPECIES_NONE,SPECIES_NONE,SPECIES_NONE,SPECIES_NONE,SPECIES_NONE,SPECIES_NONE,SPECIES_NONE,SPECIES_NONE,SPECIES_NONE,SPECIES_NONE,SPECIES_NONE,SPECIES_NONE,SPECIES_NONE,SPECIES_NONE,SPECIES_NONE,SPECIES_NONE,SPECIES_NONE,SPECIES_NONE,SPECIES_NONE,SPECIES_NONE,0,0,SPECIES_NONE,0,0,SPECIES_NONE,0,0,SPECIES_NONE,0,0,SPECIES_NONE,0,0,SPECIES_NONE,0,0,SPECIES_NONE,0,0,SPECIES_NONE,0,0,SPECIES_NONE,0,0,SPECIES_NONE,0,0,SPECIES_NONE,0,0,SPECIES_NONE,0,0,SPECIES_NONE,0,0,SPECIES_NONE,0,0,SPECIES_NONE,0,0,SPECIES_NONE,0,0,SPECIES_NONE,0,0,SPECIES_NONE,0,0,SPECIES_NONE,0,0,SPECIES_NONE,0,0,SPECIES_NONE,0,0,SPECIES_NONE,0,0,SPECIES_NONE,SPECIES_NONE,SPECIES_NONE,SPECIES_NONE,SPECIES_NONE
T30,0,10,0,25,50,75,0,0,0,0,0,0,0,0,0,0,0,0,SPECIES_NONE,SPECIES_NONE,SPECIES_NONE,SPECIES_NONE,SPECIES_NONE,SPECIES_NONE,SPECIES_NONE,SPECIES_NONE,SPECIES_NONE,SPECIES_NONE,SPECIES_NONE,SPECIES_NONE,SPECIES_NONE,SPECIES_NONE,SPECIES_NONE,SPECIES_NONE,SPECIES_NONE,SPECIES_NONE,SPECIES_NONE,SPECIES_NONE,SPECIES_NONE,SPECIES_NONE,SPECIES_NONE,SPECIES_NONE,SPECIES_NONE,SPECIES_NONE,SPECIES_NONE,SPECIES_NONE,SPECIES_NONE,SPECIES_NONE,SPECIES_NONE,SPECIES_NONE,SPECIES_NONE,SPECIES_NONE,SPECIES_NONE,SPECIES_NONE,SPECIES_NONE,SPECIES_NONE,SPECIES_NONE,SPECIES_NONE,10,20,SPECIES_MAGIKARP,5,15,SPECIES_MAGIKARP,2,10,SPECIES_MAGIKARP,2,10,SPECIES_MAGIKARP,2,10,SPECIES_MAGIKARP,0,0,SPECIES_NONE,0,0,SPECIES_NONE,10,10,SPECIES_MAGIKARP,10,10,SPECIES_MAGIKARP,10,10,SPECIES_MAGIKARP,10,10,SPECIES_POLIWAG,10,10,SPECIES_POLIWAG,20,20,SPECIES_MAGIKARP,20,20,SPECIES_POLIWAG,20,20,SPECIES_POLIWAG,20,20,SPECIES_POLIWAG,20,20,SPECIES_POLIWAG,40,40,SPECIES_POLIWAG,40,40,SPECIES_POLIWAG,40,40,SPECIES_MAGIKARP,40,40,SPECIES_POLIWAG,40,40,SPECIES_MAGIKARP,SPECIES_NONE,SPECIES_MAGIKARP,SPECIES_POLIWAG,SPECIES_MAGIKARP
D44R0102,0,10,0,25,50,75,0,0,0,0,0,0,0,0,0,0,0,0,SPECIES_NONE,SPECIES_NONE,SPECIES_NONE,SPECIES_NONE,SPECIES_NONE,SPECIES_NONE,SPECIES_NONE,SPECIES_NONE,SPECIES_NONE,SPECIES_NONE,SPECIES_NONE,SPECIES_NONE,SPECIES_NONE,SPECIES_NONE,SPECIES_NONE,SPECIES_NONE,SPECIES_NONE,SPECIES_NONE,SPECIES_NONE,SPECIES_NONE,SPECIES_NONE,SPECIES_NONE,SPECIES_NONE,SPECIES_NONE,SPECIES_NONE,SPECIES_NONE,SPECIES_NONE,SPECIES_NONE,SPECIES_NONE,SPECIES_NONE,SPECIES_NONE,SPECIES_NONE,SPECIES_NONE,SPECIES_NONE,SPECIES_NONE,SPECIES_NONE,SPECIES_NONE,SPECIES_NONE,SPECIES_NONE,SPECIES_NONE,10,20,SPECIES_MAGIKARP,5,15,SPECIES_MAGIKARP,5,15,SPECIES_DRATINI,5,15,SPECIES_DRATINI,5,15,SPECIES_DRATINI,0,0,SPECIES_NONE,0,0,SPECIES_NONE,10,10,SPECIES_MAGIKARP,10,10,SPECIES_MAGIKARP,10,10,SPECIES_MAGIKARP,10,10,SPECIES_MAGIKARP,10,10,SPECIES_MAGIKARP,20,20,SPECIES_MAGIKARP,20,20,SPECIES_MAGIKARP,20,20,SPECIES_MAGIKARP,20,20,SPECIES_DRATINI,20,20,SPECIES_MAGIKARP,40,40,SPECIES_MAGIKARP,40,40,SPECIES_DRATINI,40,40,SPECIES_MAGIKARP,40,40,SPECIES_DRAGONAIR,40,40,SPECIES_MAGIKARP,SPECIES_NONE,SPECIES_MAGIKARP,SPECIES_DRATINI,SPECIES_MAGIKARP
R45,25,10,0,25,50,75,23,23,23,23,24,24,20,20,25,27,25,27,SPECIES_GEODUDE,SPECIES_GRAVELER,SPECIES_GEODUDE,SPECIES_GRAVELER,SPECIES_GLIGAR,SPECIES_GLIGAR,SPECIES_PHANPY,SPECIES_PHANPY,SPECIES_GRAVELER,SPECIES_GRAVELER,SPECIES_GRAVELER,SPECIES_GRAVELER,SPECIES_GEODUDE,SPECIES_GRAVELER,SPECIES_GEODUDE,SPECIES_GRAVELER,SPECIES_GLIGAR,SPECIES_GLIGAR,SPECIES_PHANPY,SPECIES_PHANPY,SPECIES_GRAVELER,SPECIES_GRAVELER,SPECIES_GRAVELER,SPECIES_GRAVELER,SPECIES_GEODUDE,SPECIES_GRAVELER,SPECIES_GEODUDE,SPECIES_GRAVELER,SPECIES_GLIGAR,SPECIES_GLIGAR,SPECIES_PHANPY,SPECIES_PHANPY,SPECIES_GRAVELER,SPECIES_GRAVELER,SPECIES_GRAVELER,SPECIES_GRAVELER,SPECIES_WHISMUR,SPECIES_LINOONE,SPECIES_BUIZEL,SPECIES_BIDOOF,15,25,SPECIES_MAGIKARP,10,20,SPECIES_MAGIKARP,2,10,SPECIES_MAGIKARP,2,10,SPECIES_MAGIKARP,2,10,SPECIES_MAGIKARP,0,0,SPECIES_NONE,0,0,SPECIES_NONE,10,10,SPECIES_MAGIKARP,10,10,SPECIES_MAGIKARP,10,10,SPECIES_MAGIKARP,10,10,SPECIES_POLIWAG,10,10,SPECIES_POLIWAG,20,20,SPECIES_MAGIKARP,20,20,SPECIES_POLIWAG,20,20,SPECIES_POLIWAG,20,20,SPECIES_POLIWAG,20,20,SPECIES_POLIWAG,40,40,SPECIES_POLIWAG,40,40,SPECIES_POLIWAG,40,40,SPECIES_MAGIKARP,40,40,SPECIES_POLIWAG,40,40,SPECIES_MAGIKARP,SPECIES_SWABLU,SPECIES_MAGIKARP,SPECIES_POLIWAG,SPECIES_MAGIKARP
R46,25,0,0,0,0,0,3,2,3,2,2,2,2,2,3,4,3,4,SPECIES_GEODUDE,SPECIES_SPEAROW,SPECIES_GEODUDE,SPECIES_SPEAROW,SPECIES_RATTATA,SPECIES_RATTATA,SPECIES_GEODUDE,SPECIES_GEODUDE,SPECIES_SPEAROW,SPECIES_RATTATA,SPECIES_SPEAROW,SPECIES_RATTATA,SPECIES_GEODUDE,SPECIES_SPEAROW,SPECIES_GEODUDE,SPECIES_SPEAROW,SPECIES_RATTATA,SPECIES_RATTATA,SPECIES_GEODUDE,SPECIES_GEODUDE,SPECIES_SPEAROW,SPECIES_RATTATA,SPECIES_SPEAROW,SPECIES_RATTATA,SPECIES_GEODUDE,SPECIES_RATTATA,SPECIES_GEODUDE,SPECIES_RATTATA,SPECIES_RATTATA,SPECIES_RATTATA,SPECIES_GEODUDE,SPECIES_GEODUDE,SPECIES_GEODUDE,SPECIES_RATTATA,SPECIES_GEODUDE,SPECIES_RATTATA,SPECIES_PLUSLE,SPECIES_MINUN,SPECIES_SHINX,SPECIES_SHINX,0,0,SPECIES_NONE,0,0,SPECIES_NONE,0,0,SPECIES_NONE,0,0,SPECIES_NONE,0,0,SPECIES_NONE,0,0,SPECIES_NONE,0,0,SPECIES_NONE,0,0,SPECIES_NONE,0,0,SPECIES_NONE,0,0,SPECIES_NONE,0,0,SPECIES_NONE,0,0,SPECIES_NONE,0,0,SPECIES_NONE,0,0,SPECIES_NONE,0,0,SPECIES_NONE,0,0,SPECIES_NONE,0,0,SPECIES_NONE,0,0,SPECIES_NONE,0,0,SPECIES_NONE,0,0,SPECIES_NONE,0,0,SPECIES_NONE,0,0,SPECIES_NONE,SPECIES_GEODUDE,SPECIES_NONE,SPECIES_NONE,SPECIES_NONE
D42R0102,10,10,50,25,50,75,3,2,3,2,2,2,4,4,3,4,3,4,SPECIES_GEODUDE,SPECIES_ZUBAT,SPECIES_GEODUDE,SPECIES_ZUBAT,SPECIES_GEODUDE,SPECIES_GEODUDE,SPECIES_GEODUDE,SPECIES_GEODUDE,SPECIES_ZUBAT,SPECIES_ZUBAT,SPECIES_ZUBAT,SPECIES_DUNSPARCE,SPECIES_GEODUDE,SPECIES_ZUBAT,SPECIES_GEODUDE,SPECIES_ZUBAT,SPECIES_GEODUDE,SPECIES_GEODUDE,SPECIES_GEODUDE,SPECIES_GEODUDE,SPECIES_ZUBAT,SPECIES_ZUBAT,SPECIES_ZUBAT,SPECIES_DUNSPARCE,SPECIES_GEODUDE,SPECIES_ZUBAT,SPECIES_GEODUDE,SPECIES_ZUBAT,SPECIES_GEODUDE,SPECIES_GEODUDE,SPECIES_GEODUDE,SPECIES_GEODUDE,SPECIES_ZUBAT,SPECIES_ZUBAT,SPECIES_ZUBAT,SPECIES_DUNSPARCE,SPECIES_ABSOL,SPECIES_MAKUHITA,SPECIES_BRONZOR,SPECIES_CHINGLING,10,20,SPECIES_MAGIKARP,5,15,SPECIES_MAGIKARP,2,10,SPECIES_MAGIKARP,2,10,SPECIES_MAGIKARP,2,10,SPECIES_MAGIKARP,4,8,SPECIES_DUNSPARCE,8,14,SPECIES_GEODUDE,10,10,SPECIES_MAGIKARP,10,10,SPECIES_MAGIKARP,10,10,SPECIES_MAGIKARP,10,10,SPECIES_GOLDEEN,10,10,SPECIES_GOLDEEN,20,20,SPECIES_MAGIKARP,20,20,SPECIES_GOLDEEN,20,20,SPECIES_GOLDEEN,20,20,SPECIES_GOLDEEN,20,20,SPECIES_GOLDEEN,40,40,SPECIES_GOLDEEN,40,40,SPECIES_GOLDEEN,40,40,SPECIES_MAGIKARP,40,40,SPECIES_SEAKING,40,40,SPECIES_MAGIKARP,SPECIES_DUNSPARCE,SPECIES_MAGIKARP,SPECIES_GOLDEEN,SPECIES_MAGIKARP
D42R0101,10,10,0,25,50,75,23,23,23,23,25,25,20,20,25,23,25,23,SPECIES_GEODUDE,SPECIES_ZUBAT,SPECIES_GEODUDE,SPECIES_ZUBAT,SPECIES_GRAVELER,SPECIES_GRAVELER,SPECIES_WOBBUFFET,SPECIES_WOBBUFFET,SPECIES_WOBBUFFET,SPECIES_GOLBAT,SPECIES_WOBBUFFET,SPECIES_GOLBAT,SPECIES_GEODUDE,SPECIES_ZUBAT,SPECIES_GEODUDE,SPECIES_ZUBAT,SPECIES_GRAVELER,SPECIES_GRAVELER,SPECIES_WOBBUFFET,SPECIES_WOBBUFFET,SPECIES_WOBBUFFET,SPECIES_GOLBAT,SPECIES_WOBBUFFET,SPECIES_GOLBAT,SPECIES_GEODUDE,SPECIES_ZUBAT,SPECIES_GEODUDE,SPECIES_ZUBAT,SPECIES_GRAVELER,SPECIES_GRAVELER,SPECIES_WOBBUFFET,SPECIES_WOBBUFFET,SPECIES_WOBBUFFET,SPECIES_GOLBAT,SPECIES_WOBBUFFET,SPECIES_GOLBAT,SPECIES_ABSOL,SPECIES_MAKUHITA,SPECIES_BRONZOR,SPECIES_CHINGLING,10,20,SPECIES_MAGIKARP,5,15,SPECIES_MAGIKARP,2,10,SPECIES_MAGIKARP,2,10,SPECIES_MAGIKARP,2,10,SPECIES_MAGIKARP,0,0,SPECIES_NONE,0,0,SPECIES_NONE,10,10,SPECIES_MAGIKARP,10,10,SPECIES_MAGIKARP,10,10,SPECIES_MAGIKARP,10,10,SPECIES_GOLDEEN,10,10,SPECIES_GOLDEEN,20,20,SPECIES_MAGIKARP,20,20,SPECIES_GOLDEEN,20,20,SPECIES_GOLDEEN,20,20,SPECIES_GOLDEEN,20,20,SPECIES_GOLDEEN,40,40,SPECIES_GOLDEEN,40,40,SPECIES_GOLDEEN,40,40,SPECIES_MAGIKARP,40,40,SPECIES_SEAKING,40,40,SPECIES_MAGIKARP,SPECIES_GEODUDE,SPECIES_MAGIKARP,SPECIES_GOLDEEN,SPECIES_MAGIKARP
R47,25,15,0,25,50,75,35,35,34,33,32,31,32,31,34,31,33,40,SPECIES_FARFETCHD,SPECIES_MILTANK,SPECIES_DITTO,SPECIES_DITTO,SPECIES_DITTO,SPECIES_DITTO,SPECIES_GLOOM,SPECIES_SPEAROW,SPECIES_FEAROW,SPECIES_RATICATE,SPECIES_RATICATE,SPECIES_DITTO,SPECIES_FARFETCHD,SPECIES_MILTANK,SPECIES_DITTO,SPECIES_DITTO,SPECIES_DITTO,SPECIES_DITTO,SPECIES_GLOOM,SPECIES_SPEAROW,SPECIES_FEAROW,SPECIES_RATICATE,SPECIES_RATICATE,SPECIES_DITTO,SPECIES_NOCTOWL,SPECIES_MILTANK,SPECIES_DITTO,SPECIES_DITTO,SPECIES_DITTO,SPECIES_DITTO,SPECIES_GLOOM,SPECIES_SPEAROW,SPECIES_FEAROW,SPECIES_RATICATE,SPECIES_RATICATE,SPECIES_DITTO,SPECIES_WHISMUR,SPECIES_LINOONE,SPECIES_BUIZEL,SPECIES_BIDOOF,15,25,SPECIES_TENTACOOL,10,20,SPECIES_SEEL,15,25,SPECIES_STARYU,15,25,SPECIES_STARYU,15,25,SPECIES_STARYU,0,0,SPECIES_NONE,0,0,SPECIES_NONE,10,10,SPECIES_MAGIKARP,10,10,SPECIES_MAGIKARP,10,10,SPECIES_MAGIKARP,10,10,SPECIES_TENTACOOL,10,10,SPECIES_TENTACOOL,20,20,SPECIES_MAGIKARP,20,20,SPECIES_TENTACOOL,20,20,SPECIES_CHINCHOU,20,20,SPECIES_SHELLDER,20,20,SPECIES_CHINCHOU,40,40,SPECIES_CHINCHOU,40,40,SPECIES_SHELLDER,40,40,SPECIES_TENTACRUEL,40,40,SPECIES_LANTURN,40,40,SPECIES_TENTACRUEL,SPECIES_DITTO,SPECIES_TENTACOOL,SPECIES_SHELLDER,SPECIES_MAGIKARP
D02R0103,0,15,0,25,50,75,0,0,0,0,0,0,0,0,0,0,0,0,SPECIES_NONE,SPECIES_NONE,SPECIES_NONE,SPECIES_NONE,SPECIES_NONE,SPECIES_NONE,SPECIES_NONE,SPECIES_NONE,SPECIES_NONE,SPECIES_NONE,SPECIES_NONE,SPECIES_NONE,SPECIES_NONE,SPECIES_NONE,SPECIES_NONE,SPECIES_NONE,SPECIES_NONE,SPECIES_NONE,SPECIES_NONE,SPECIES_NONE,SPECIES_NONE,SPECIES_NONE,SPECIES_NONE,SPECIES_NONE,SPECIES_NONE,SPECIES_NONE,SPECIES_NONE,SPECIES_NONE,SPECIES_NONE,SPECIES_NONE,SPECIES_NONE,SPECIES_NONE,SPECIES_NONE,SPECIES_NONE,SPECIES_NONE,SPECIES_NONE,SPECIES_NONE,SPECIES_NONE,SPECIES_NONE,SPECIES_NONE,35,35,SPECIES_POLIWAG,30,30,SPECIES_MAGIKARP,35,35,SPECIES_MAGIKARP,35,35,SPECIES_MAGIKARP,35,35,SPECIES_MAGIKARP,0,0,SPECIES_NONE,0,0,SPECIES_NONE,10,10,SPECIES_MAGIKARP,10,10,SPECIES_MAGIKARP,10,10,SPECIES_MAGIKARP,10,10,SPECIES_MAGIKARP,10,10,SPECIES_MAGIKARP,20,20,SPECIES_MAGIKARP,20,20,SPECIES_MAGIKARP,20,20,SPECIES_POLIWAG,20,20,SPECIES_POLIWAG,20,20,SPECIES_POLIWAG,40,40,SPECIES_POLIWAG,40,40,SPECIES_POLIWAG,40,40,SPECIES_POLIWAG,40,40,SPECIES_POLIWAG,40,40,SPECIES_POLIWAG,SPECIES_NONE,SPECIES_POLIWAG,SPECIES_POLIWAG,SPECIES_MAGIKARP
D02R0104,0,15,0,25,50,75,0,0,0,0,0,0,0,0,0,0,0,0,SPECIES_NONE,SPECIES_NONE,SPECIES_NONE,SPECIES_NONE,SPECIES_NONE,SPECIES_NONE,SPECIES_NONE,SPECIES_NONE,SPECIES_NONE,SPECIES_NONE,SPECIES_NONE,SPECIES_NONE,SPECIES_NONE,SPECIES_NONE,SPECIES_NONE,SPECIES_NONE,SPECIES_NONE,SPECIES_NONE,SPECIES_NONE,SPECIES_NONE,SPECIES_NONE,SPECIES_NONE,SPECIES_NONE,SPECIES_NONE,SPECIES_NONE,SPECIES_NONE,SPECIES_NONE,SPECIES_NONE,SPECIES_NONE,SPECIES_NONE,SPECIES_NONE,SPECIES_NONE,SPECIES_NONE,SPECIES_NONE,SPECIES_NONE,SPECIES_NONE,SPECIES_NONE,SPECIES_NONE,SPECIES_NONE,SPECIES_NONE,35,35,SPECIES_POLIWAG,30,30,SPECIES_POLIWAG,35,35,SPECIES_POLIWAG,35,35,SPECIES_POLIWAG,35,35,SPECIES_POLIWAG,0,0,SPECIES_NONE,0,0,SPECIES_NONE,10,10,SPECIES_POLIWAG,10,10,SPECIES_POLIWAG,10,10,SPECIES_POLIWAG,10,10,SPECIES_MAGIKARP,10,10,SPECIES_POLIWAG,20,20,SPECIES_POLIWAG,20,20,SPECIES_POLIWAG,20,20,SPECIES_POLIWAG,20,20,SPECIES_MAGIKARP,20,20,SPECIES_POLIWAG,40,40,SPECIES_POLIWAG,40,40,SPECIES_POLIWAG,40,40,SPECIES_POLIWAG,40,40,SPECIES_MAGIKARP,40,40,SPECIES_POLIWAG,SPECIES_NONE,SPECIES_POLIWAG,SPECIES_MAGIKARP,SPECIES_POLIWAG
D11R0101,5,0,0,0,0,0,28,32,28,29,30,32,27,26,27,26,27,26,SPECIES_ZUBAT,SPECIES_GOLBAT,SPECIES_PSYDUCK,SPECIES_PSYDUCK,SPECIES_GOLBAT,SPECIES_GOLDUCK,SPECIES_ZUBAT,SPECIES_ZUBAT,SPECIES_PSYDUCK,SPECIES_PSYDUCK,SPECIES_PSYDUCK,SPECIES_PSYDUCK,SPECIES_ZUBAT,SPECIES_GOLBAT,SPECIES_PSYDUCK,SPECIES_PSYDUCK,SPECIES_GOLBAT,SPECIES_GOLDUCK,SPECIES_ZUBAT,SPECIES_ZUBAT,SPECIES_PSYDUCK,SPECIES_PSYDUCK,SPECIES_PSYDUCK,SPECIES_PSYDUCK,SPECIES_ZUBAT,SPECIES_GOLBAT,SPECIES_PSYDUCK,SPECIES_PSYDUCK,SPECIES_GOLBAT,SPECIES_GOLDUCK,SPECIES_ZUBAT,SPECIES_ZUBAT,SPECIES_PSYDUCK,SPECIES_PSYDUCK,SPECIES_PSYDUCK,SPECIES_PSYDUCK,SPECIES_ABSOL,SPECIES_MAKUHITA,SPECIES_BRONZOR,SPECIES_CHINGLING,0,0,SPECIES_NONE,0,0,SPECIES_NONE,0,0,SPECIES_NONE,0,0,SPECIES_NONE,0,0,SPECIES_NONE,0,0,SPECIES_NONE,0,0,SPECIES_NONE,0,0,SPECIES_NONE,0,0,SPECIES_NONE,0,0,SPECIES_NONE,0,0,SPECIES_NONE,0,0,SPECIES_NONE,0,0,SPECIES_NONE,0,0,SPECIES_NONE,0,0,SPECIES_NONE,0,0,SPECIES_NONE,0,0,SPECIES_NONE,0,0,SPECIES_NONE,0,0,SPECIES_NONE,0,0,SPECIES_NONE,0,0,SPECIES_NONE,0,0,SPECIES_NONE,SPECIES_ZUBAT,SPECIES_NONE,SPECIES_NONE,SPECIES_NONE
D11R0102,5,0,0,0,0,0,32,34,28,34,32,34,29,28,32,28,27,26,SPECIES_SEEL,SPECIES_GOLBAT,SPECIES_PSYDUCK,SPECIES_SEEL,SPECIES_GOLBAT,SPECIES_GOLDUCK,SPECIES_ZUBAT,SPECIES_ZUBAT,SPECIES_GOLDUCK,SPECIES_PSYDUCK,SPECIES_PSYDUCK,SPECIES_PSYDUCK,SPECIES_SEEL,SPECIES_GOLBAT,SPECIES_PSYDUCK,SPECIES_SEEL,SPECIES_GOLBAT,SPECIES_GOLDUCK,SPECIES_ZUBAT,SPECIES_ZUBAT,SPECIES_GOLDUCK,SPECIES_PSYDUCK,SPECIES_PSYDUCK,SPECIES_PSYDUCK,SPECIES_SEEL,SPECIES_GOLBAT,SPECIES_PSYDUCK,SPECIES_SEEL,SPECIES_GOLBAT,SPECIES_GOLDUCK,SPECIES_ZUBAT,SPECIES_ZUBAT,SPECIES_GOLDUCK,SPECIES_PSYDUCK,SPECIES_PSYDUCK,SPECIES_PSYDUCK,SPECIES_ABSOL,SPECIES_MAKUHITA,SPECIES_BRONZOR,SPECIES_CHINGLING,0,0,SPECIES_NONE,0,0,SPECIES_NONE,0,0,SPECIES_NONE,0,0,SPECIES_NONE,0,0,SPECIES_NONE,0,0,SPECIES_NONE,0,0,SPECIES_NONE,0,0,SPECIES_NONE,0,0,SPECIES_NONE,0,0,SPECIES_NONE,0,0,SPECIES_NONE,0,0,SPECIES_NONE,0,0,SPECIES_NONE,0,0,SPECIES_NONE,0,0,SPECIES_NONE,0,0,SPECIES_NONE,0,0,SPECIES_NONE,0,0,SPECIES_NONE,0,0,SPECIES_NONE,0,0,SPECIES_NONE,0,0,SPECIES_NONE,0,0,SPECIES_NONE,SPECIES_SEEL,SPECIES_NONE,SPECIES_NONE,SPECIES_NONE
D11R0103,5,0,0,0,0,0,33,35,30,35,33,35,30,29,33,29,28,27,SPECIES_SEEL,SPECIES_GOLBAT,SPECIES_PSYDUCK,SPECIES_SEEL,SPECIES_GOLBAT,SPECIES_GOLDUCK,SPECIES_ZUBAT,SPECIES_ZUBAT,SPECIES_GOLDUCK,SPECIES_PSYDUCK,SPECIES_PSYDUCK,SPECIES_PSYDUCK,SPECIES_SEEL,SPECIES_GOLBAT,SPECIES_PSYDUCK,SPECIES_SEEL,SPECIES_GOLBAT,SPECIES_GOLDUCK,SPECIES_ZUBAT,SPECIES_ZUBAT,SPECIES_GOLDUCK,SPECIES_PSYDUCK,SPECIES_PSYDUCK,SPECIES_PSYDUCK,SPECIES_SEEL,SPECIES_GOLBAT,SPECIES_PSYDUCK,SPECIES_SEEL,SPECIES_GOLBAT,SPECIES_GOLDUCK,SPECIES_ZUBAT,SPECIES_ZUBAT,SPECIES_GOLDUCK,SPECIES_PSYDUCK,SPECIES_PSYDUCK,SPECIES_PSYDUCK,SPECIES_ABSOL,SPECIES_MAKUHITA,SPECIES_BRONZOR,SPECIES_CHINGLING,0,0,SPECIES_NONE,0,0,SPECIES_NONE,0,0,SPECIES_NONE,0,0,SPECIES_NONE,0,0,SPECIES_NONE,0,0,SPECIES_NONE,0,0,SPECIES_NONE,0,0,SPECIES_NONE,0,0,SPECIES_NONE,0,0,SPECIES_NONE,0,0,SPECIES_NONE,0,0,SPECIES_NONE,0,0,SPECIES_NONE,0,0,SPECIES_NONE,0,0,SPECIES_NONE,0,0,SPECIES_NONE,0,0,SPECIES_NONE,0,0,SPECIES_NONE,0,0,SPECIES_NONE,0,0,SPECIES_NONE,0,0,SPECIES_NONE,0,0,SPECIES_NONE,SPECIES_SEEL,SPECIES_NONE,SPECIES_NONE,SPECIES_NONE
D11R0104,10,0,0,0,0,0,35,36,32,34,34,36,32,31,34,36,32,31,SPECIES_DEWGONG,SPECIES_GOLBAT,SPECIES_PSYDUCK,SPECIES_SEEL,SPECIES_GOLBAT,SPECIES_GOLDUCK,SPECIES_ZUBAT,SPECIES_ZUBAT,SPECIES_GOLDUCK,SPECIES_DEWGONG,SPECIES_PSYDUCK,SPECIES_PSYDUCK,SPECIES_DEWGONG,SPECIES_GOLBAT,SPECIES_PSYDUCK,SPECIES_SEEL,SPECIES_GOLBAT,SPECIES_GOLDUCK,SPECIES_ZUBAT,SPECIES_ZUBAT,SPECIES_GOLDUCK,SPECIES_DEWGONG,SPECIES_PSYDUCK,SPECIES_PSYDUCK,SPECIES_DEWGONG,SPECIES_GOLBAT,SPECIES_PSYDUCK,SPECIES_SEEL,SPECIES_GOLBAT,SPECIES_GOLDUCK,SPECIES_ZUBAT,SPECIES_ZUBAT,SPECIES_GOLDUCK,SPECIES_DEWGONG,SPECIES_PSYDUCK,SPECIES_PSYDUCK,SPECIES_ABSOL,SPECIES_MAKUHITA,SPECIES_BRONZOR,SPECIES_CHINGLING,0,0,SPECIES_NONE,0,0,SPECIES_NONE,0,0,SPECIES_NONE,0,0,SPECIES_NONE,0,0,SPECIES_NONE,0,0,SPECIES_NONE,0,0,SPECIES_NONE,0,0,SPECIES_NONE,0,0,SPECIES_NONE,0,0,SPECIES_NONE,0,0,SPECIES_NONE,0,0,SPECIES_NONE,0,0,SPECIES_NONE,0,0,SPECIES_NONE,0,0,SPECIES_NONE,0,0,SPECIES_NONE,0,0,SPECIES_NONE,0,0,SPECIES_NONE,0,0,SPECIES_NONE,0,0,SPECIES_NONE,0,0,SPECIES_NONE,0,0,SPECIES_NONE,SPECIES_DEWGONG,SPECIES_NONE,SPECIES_NONE,SPECIES_NONE
D11R0105,10,5,0,25,50,75,37,40,34,34,38,38,39,38,37,38,40,40,SPECIES_DEWGONG,SPECIES_GOLBAT,SPECIES_PSYDUCK,SPECIES_SEEL,SPECIES_JYNX,SPECIES_GOLDUCK,SPECIES_GOLBAT,SPECIES_GOLBAT,SPECIES_GOLDUCK,SPECIES_DEWGONG,SPECIES_JYNX,SPECIES_JYNX,SPECIES_DEWGONG,SPECIES_GOLBAT,SPECIES_PSYDUCK,SPECIES_SEEL,SPECIES_JYNX,SPECIES_GOLDUCK,SPECIES_GOLBAT,SPECIES_GOLBAT,SPECIES_GOLDUCK,SPECIES_DEWGONG,SPECIES_JYNX,SPECIES_JYNX,SPECIES_DEWGONG,SPECIES_GOLBAT,SPECIES_PSYDUCK,SPECIES_SEEL,SPECIES_JYNX,SPECIES_GOLDUCK,SPECIES_GOLBAT,SPECIES_GOLBAT,SPECIES_GOLDUCK,SPECIES_DEWGONG,SPECIES_JYNX,SPECIES_JYNX,SPECIES_ABSOL,SPECIES_MAKUHITA,SPECIES_BRONZOR,SPECIES_CHINGLING,30,40,SPECIES_SEEL,30,40,SPECIES_HORSEA,35,45,SPECIES_SLOWBRO,50,50,SPECIES_SLOWBRO,35,45,SPECIES_SLOWBRO,0,0,SPECIES_NONE,0,0,SPECIES_NONE,10,10,SPECIES_MAGIKARP,10,10,SPECIES_MAGIKARP,10,10,SPECIES_MAGIKARP,10,10,SPECIES_KRABBY,10,10,SPECIES_KRABBY,20,20,SPECIES_MAGIKARP,20,20,SPECIES_PSYDUCK,20,20,SPECIES_KRABBY,20,20,SPECIES_HORSEA,20,20,SPECIES_KRABBY,40,40,SPECIES_GYARADOS,40,40,SPECIES_HORSEA,40,40,SPECIES_KINGLER,40,40,SPECIES_SEADRA,40,40,SPECIES_SEADRA,SPECIES_SEEL,SPECIES_SEEL,SPECIES_HORSEA,SPECIES_MAGIKARP
D41R0105,5,10,0,25,50,75,45,48,45,48,48,47,45,45,48,20,48,15,SPECIES_QUAGSIRE,SPECIES_STEELIX,SPECIES_QUAGSIRE,SPECIES_GOLDUCK,SPECIES_DONPHAN,SPECIES_DONPHAN,SPECIES_QUAGSIRE,SPECIES_QUAGSIRE,SPECIES_GOLBAT,SPECIES_LARVITAR,SPECIES_GOLBAT,SPECIES_LARVITAR,SPECIES_QUAGSIRE,SPECIES_STEELIX,SPECIES_QUAGSIRE,SPECIES_GOLDUCK,SPECIES_DONPHAN,SPECIES_DONPHAN,SPECIES_QUAGSIRE,SPECIES_QUAGSIRE,SPECIES_GOLBAT,SPECIES_LARVITAR,SPECIES_GOLBAT,SPECIES_LARVITAR,SPECIES_QUAGSIRE,SPECIES_STEELIX,SPECIES_QUAGSIRE,SPECIES_GOLDUCK,SPECIES_DONPHAN,SPECIES_DONPHAN,SPECIES_MISDREAVUS,SPECIES_MISDREAVUS,SPECIES_GOLBAT,SPECIES_LARVITAR,SPECIES_GOLBAT,SPECIES_LARVITAR,SPECIES_ABSOL,SPECIES_MAKUHITA,SPECIES_BRONZOR,SPECIES_CHINGLING,30,40,SPECIES_SEAKING,35,45,SPECIES_SEAKING,30,40,SPECIES_GOLDEEN,30,40,SPECIES_GOLDEEN,30,40,SPECIES_GOLDEEN,0,0,SPECIES_NONE,0,0,SPECIES_NONE,10,10,SPECIES_MAGIKARP,10,10,SPECIES_MAGIKARP,10,10,SPECIES_MAGIKARP,10,10,SPECIES_GOLDEEN,10,10,SPECIES_GOLDEEN,20,20,SPECIES_MAGIKARP,20,20,SPECIES_GOLDEEN,20,20,SPECIES_GOLDEEN,20,20,SPECIES_GOLDEEN,20,20,SPECIES_GOLDEEN,40,40,SPECIES_GOLDEEN,40,40,SPECIES_GOLDEEN,40,40,SPECIES_MAGIKARP,40,40,SPECIES_SEAKING,40,40,SPECIES_MAGIKARP,SPECIES_QUAGSIRE,SPECIES_SEAKING,SPECIES_GOLDEEN,SPECIES_MAGIKARP
D41R0106,10,10,0,25,50,75,45,48,46,48,48,50,45,45,48,20,48,15,SPECIES_QUAGSIRE,SPECIES_SNEASEL,SPECIES_PHANPY,SPECIES_GOLDUCK,SPECIES_DONPHAN,SPECIES_DONPHAN,SPECIES_QUAGSIRE,SPECIES_QUAGSIRE,SPECIES_GOLBAT,SPECIES_LARVITAR,SPECIES_GOLBAT,SPECIES_LARVITAR,SPECIES_QUAGSIRE,SPECIES_SNEASEL,SPECIES_PHANPY,SPECIES_GOLDUCK,SPECIES_DONPHAN,SPECIES_DONPHAN,SPECIES_QUAGSIRE,SPECIES_QUAGSIRE,SPECIES_GOLBAT,SPECIES_LARVITAR,SPECIES_GOLBAT,SPECIES_LARVITAR,SPECIES_QUAGSIRE,SPECIES_SNEASEL,SPECIES_PHANPY,SPECIES_GOLDUCK,SPECIES_DONPHAN,SPECIES_DONPHAN,SPECIES_MISDREAVUS,SPECIES_MISDREAVUS,SPECIES_GOLBAT,SPECIES_LARVITAR,SPECIES_GOLBAT,SPECIES_LARVITAR,SPECIES_ABSOL,SPECIES_MAKUHITA,SPECIES_BRONZOR,SPECIES_CHINGLING,30,40,SPECIES_SEAKING,35,45,SPECIES_SEAKING,30,40,SPECIES_GOLDEEN,30,40,SPECIES_GOLDEEN,30,40,SPECIES_GOLDEEN,0,0,SPECIES_NONE,0,0,SPECIES_NONE,10,10,SPECIES_MAGIKARP,10,10,SPECIES_MAGIKARP,10,10,SPECIES_MAGIKARP,10,10,SPECIES_GOLDEEN,10,10,SPECIES_GOLDEEN,20,20,SPECIES_MAGIKARP,20,20,SPECIES_GOLDEEN,20,20,SPECIES_GOLDEEN,20,20,SPECIES_GOLDEEN,20,20,SPECIES_GOLDEEN,40,40,SPECIES_GOLDEEN,40,40,SPECIES_GOLDEEN,40,40,SPECIES_MAGIKARP,40,40,SPECIES_SEAKING,40,40,SPECIES_MAGIKARP,SPECIES_QUAGSIRE,SPECIES_SEAKING,SPECIES_GOLDEEN,SPECIES_MAGIKARP
D41R0107,10,10,0,25,50,75,50,48,45,48,47,47,45,45,48,20,48,15,SPECIES_SNEASEL,SPECIES_GOLDUCK,SPECIES_QUAGSIRE,SPECIES_GOLDUCK,SPECIES_DONPHAN,SPECIES_DONPHAN,SPECIES_QUAGSIRE,SPECIES_QUAGSIRE,SPECIES_GOLBAT,SPECIES_LARVITAR,SPECIES_GOLBAT,SPECIES_LARVITAR,SPECIES_SNEASEL,SPECIES_GOLDUCK,SPECIES_QUAGSIRE,SPECIES_GOLDUCK,SPECIES_DONPHAN,SPECIES_DONPHAN,SPECIES_QUAGSIRE,SPECIES_QUAGSIRE,SPECIES_GOLBAT,SPECIES_LARVITAR,SPECIES_GOLBAT,SPECIES_LARVITAR,SPECIES_SNEASEL,SPECIES_GOLDUCK,SPECIES_QUAGSIRE,SPECIES_GOLDUCK,SPECIES_DONPHAN,SPECIES_DONPHAN,SPECIES_MISDREAVUS,SPECIES_MISDREAVUS,SPECIES_GOLBAT,SPECIES_LARVITAR,SPECIES_GOLBAT,SPECIES_LARVITAR,SPECIES_ABSOL,SPECIES_MAKUHITA,SPECIES_BRONZOR,SPECIES_CHINGLING,30,40,SPECIES_SEAKING,35,45,SPECIES_SEAKING,30,40,SPECIES_GOLDEEN,30,40,SPECIES_GOLDEEN,30,40,SPECIES_GOLDEEN,0,0,SPECIES_NONE,0,0,SPECIES_NONE,10,10,SPECIES_MAGIKARP,10,10,SPECIES_MAGIKARP,10,10,SPECIES_MAGIKARP,10,10,SPECIES_GOLDEEN,10,10,SPECIES_GOLDEEN,20,20,SPECIES_MAGIKARP,20,20,SPECIES_GOLDEEN,20,20,SPECIES_GOLDEEN,20,20,SPECIES_GOLDEEN,20,20,SPECIES_GOLDEEN,40,40,SPECIES_GOLDEEN,40,40,SPECIES_GOLDEEN,40,40,SPECIES_MAGIKARP,40,40,SPECIES_SEAKING,40,40,SPECIES_MAGIKARP,SPECIES_SNEASEL,SPECIES_SEAKING,SPECIES_GOLDEEN,SPECIES_MAGIKARP
D48R0101,0,15,0,25,50,75,0,0,0,0,0,0,0,0,0,0,0,0,SPECIES_NONE,SPECIES_NONE,SPECIES_NONE,SPECIES_NONE,SPECIES_NONE,SPECIES_NONE,SPECIES_NONE,SPECIES_NONE,SPECIES_NONE,SPECIES_NONE,SPECIES_NONE,SPECIES_NONE,SPECIES_NONE,SPECIES_NONE,SPECIES_NONE,SPECIES_NONE,SPECIES_NONE,SPECIES_NONE,SPECIES_NONE,SPECIES_NONE,SPECIES_NONE,SPECIES_NONE,SPECIES_NONE,SPECIES_NONE,SPECIES_NONE,SPECIES_NONE,SPECIES_NONE,SPECIES_NONE,SPECIES_NONE,SPECIES_NONE,SPECIES_NONE,SPECIES_NONE,SPECIES_NONE,SPECIES_NONE,SPECIES_NONE,SPECIES_NONE,SPECIES_NONE,SPECIES_NONE,SPECIES_NONE,SPECIES_NONE,20,30,SPECIES_WOOPER,20,30,SPECIES_WOOPER,30,40,SPECIES_QUAGSIRE,30,40,SPECIES_QUAGSIRE,30,40,SPECIES_QUAGSIRE,0,0,SPECIES_NONE,0,0,SPECIES_NONE,10,10,SPECIES_MAGIKARP,10,10,SPECIES_MAGIKARP,10,10,SPECIES_MAGIKARP,10,10,SPECIES_MAGIKARP,10,10,SPECIES_MAGIKARP,20,20,SPECIES_MAGIKARP,20,20,SPECIES_MAGIKARP,20,20,SPECIES_MAGIKARP,20,20,SPECIES_POLIWAG,20,20,SPECIES_POLIWAG,40,40,SPECIES_MAGIKARP,40,40,SPECIES_MAGIKARP,40,40,SPECIES_POLIWAG,40,40,SPECIES_POLIWAG,40,40,SPECIES_POLIWAG,SPECIES_NONE,SPECIES_WOOPER,SPECIES_MAGIKARP,SPECIES_MAGIKARP
D50R0101,10,0,30,0,0,0,22,19,20,22,19,20,18,20,20,22,23,23,SPECIES_GOLBAT,SPECIES_GEODUDE,SPECIES_KRABBY,SPECIES_KINGLER,SPECIES_MACHOP,SPECIES_ONIX,SPECIES_WOOPER,SPECIES_QUAGSIRE,SPECIES_GRAVELER,SPECIES_MACHOKE,SPECIES_STEELIX,SPECIES_STEELIX,SPECIES_GOLBAT,SPECIES_GEODUDE,SPECIES_KRABBY,SPECIES_KINGLER,SPECIES_MACHOP,SPECIES_ONIX,SPECIES_WOOPER,SPECIES_QUAGSIRE,SPECIES_GRAVELER,SPECIES_MACHOKE,SPECIES_STEELIX,SPECIES_STEELIX,SPECIES_GOLBAT,SPECIES_GEODUDE,SPECIES_KRABBY,SPECIES_KINGLER,SPECIES_MACHOP,SPECIES_ONIX,SPECIES_ZUBAT,SPECIES_MISDREAVUS,SPECIES_GOLBAT,SPECIES_MACHOKE,SPECIES_STEELIX,SPECIES_STEELIX,SPECIES_ABSOL,SPECIES_MAKUHITA,SPECIES_BRONZOR,SPECIES_CHINGLING,0,0,SPECIES_NONE,0,0,SPECIES_NONE,0,0,SPECIES_NONE,0,0,SPECIES_NONE,0,0,SPECIES_NONE,20,26,SPECIES_KRABBY,28,31,SPECIES_KINGLER,0,0,SPECIES_NONE,0,0,SPECIES_NONE,0,0,SPECIES_NONE,0,0,SPECIES_NONE,0,0,SPECIES_NONE,0,0,SPECIES_NONE,0,0,SPECIES_NONE,0,0,SPECIES_NONE,0,0,SPECIES_NONE,0,0,SPECIES_NONE,0,0,SPECIES_NONE,0,0,SPECIES_NONE,0,0,SPECIES_NONE,0,0,SPECIES_NONE,0,0,SPECIES_NONE,SPECIES_GOLBAT,SPECIES_NONE,SPECIES_NONE,SPECIES_NONE
D17R0112,5,0,0,0,0,0,20,21,20,21,22,22,22,22,23,24,23,24,SPECIES_RATTATA,SPECIES_RATTATA,SPECIES_RATTATA,SPECIES_RATTATA,SPECIES_RATTATA,SPECIES_RATTATA,SPECIES_RATTATA,SPECIES_RATTATA,SPECIES_RATTATA,SPECIES_RATTATA,SPECIES_RATTATA,SPECIES_RATTATA,SPECIES_RATTATA,SPECIES_RATTATA,SPECIES_RATTATA,SPECIES_RATTATA,SPECIES_RATTATA,SPECIES_RATTATA,SPECIES_RATTATA,SPECIES_RATTATA,SPECIES_RATTATA,SPECIES_RATTATA,SPECIES_RATTATA,SPECIES_RATTATA,SPECIES_GASTLY,SPECIES_GASTLY,SPECIES_GASTLY,SPECIES_GASTLY,SPECIES_GASTLY,SPECIES_GASTLY,SPECIES_RATTATA,SPECIES_RATTATA,SPECIES_RATTATA,SPECIES_RATTATA,SPECIES_RATTATA,SPECIES_RATTATA,SPECIES_ZIGZAGOON,SPECIES_SPINDA,SPECIES_CHATOT,SPECIES_MEDITITE,0,0,SPECIES_NONE,0,0,SPECIES_NONE,0,0,SPECIES_NONE,0,0,SPECIES_NONE,0,0,SPECIES_NONE,0,0,SPECIES_NONE,0,0,SPECIES_NONE,0,0,SPECIES_NONE,0,0,SPECIES_NONE,0,0,SPECIES_NONE,0,0,SPECIES_NONE,0,0,SPECIES_NONE,0,0,SPECIES_NONE,0,0,SPECIES_NONE,0,0,SPECIES_NONE,0,0,SPECIES_NONE,0,0,SPECIES_NONE,0,0,SPECIES_NONE,0,0,SPECIES_NONE,0,0,SPECIES_NONE,0,0,SPECIES_NONE,0,0,SPECIES_NONE,SPECIES_RATTATA,SPECIES_NONE,SPECIES_NONE,SPECIES_NONE
T31,25,10,0,25,50,75,41,42,41,42,42,42,44,44,41,43,41,43,SPECIES_TANGELA,SPECIES_PONYTA,SPECIES_TANGELA,SPECIES_PONYTA,SPECIES_DONPHAN,SPECIES_DONPHAN,SPECIES_RAPIDASH,SPECIES_RAPIDASH,SPECIES_DODUO,SPECIES_DODRIO,SPECIES_DODUO,SPECIES_DODRIO,SPECIES_TANGELA,SPECIES_PONYTA,SPECIES_TANGELA,SPECIES_PONYTA,SPECIES_DONPHAN,SPECIES_DONPHAN,SPECIES_RAPIDASH,SPECIES_RAPIDASH,SPECIES_DODUO,SPECIES_DODRIO,SPECIES_DODUO,SPECIES_DODRIO,SPECIES_TANGELA,SPECIES_PONYTA,SPECIES_TANGELA,SPECIES_PONYTA,SPECIES_DONPHAN,SPECIES_DONPHAN,SPECIES_RAPIDASH,SPECIES_RAPIDASH,SPECIES_SNEASEL,SPECIES_SNEASEL,SPECIES_SNEASEL,SPECIES_SNEASEL,SPECIES_WHISMUR,SPECIES_LINOONE,SPECIES_BUIZEL,SPECIES_BIDOOF,30,40,SPECIES_POLIWHIRL,35,45,SPECIES_POLIWHIRL,30,40,SPECIES_POLIWAG,30,40,SPECIES_POLIWAG,48,48,SPECIES_POLIWHIRL,0,0,SPECIES_NONE,0,0,SPECIES_NONE,10,10,SPECIES_MAGIKARP,10,10,SPECIES_MAGIKARP,10,10,SPECIES_MAGIKARP,10,10,SPECIES_POLIWAG,10,10,SPECIES_POLIWAG,20,20,SPECIES_MAGIKARP,20,20,SPECIES_POLIWAG,20,20,SPECIES_POLIWAG,20,20,SPECIES_POLIWAG,20,20,SPECIES_POLIWAG,40,40,SPECIES_POLIWAG,40,40,SPECIES_POLIWAG,40,40,SPECIES_MAGIKARP,40,40,SPECIES_POLIWAG,40,40,SPECIES_MAGIKARP,SPECIES_TANGELA,SPECIES_POLIWHIRL,SPECIES_POLIWAG,SPECIES_MAGIKARP
D41R0101,10,10,0,25,50,75,42,44,42,44,43,43,42,41,45,20,45,15,SPECIES_ONIX,SPECIES_DONPHAN,SPECIES_ONIX,SPECIES_DONPHAN,SPECIES_PHANPY,SPECIES_GRAVELER,SPECIES_GRAVELER,SPECIES_GRAVELER,SPECIES_GOLBAT,SPECIES_LARVITAR,SPECIES_GOLBAT,SPECIES_LARVITAR,SPECIES_ONIX,SPECIES_DONPHAN,SPECIES_ONIX,SPECIES_DONPHAN,SPECIES_PHANPY,SPECIES_GRAVELER,SPECIES_GRAVELER,SPECIES_GRAVELER,SPECIES_GOLBAT,SPECIES_LARVITAR,SPECIES_GOLBAT,SPECIES_LARVITAR,SPECIES_ONIX,SPECIES_DONPHAN,SPECIES_ONIX,SPECIES_DONPHAN,SPECIES_PHANPY,SPECIES_GRAVELER,SPECIES_GRAVELER,SPECIES_GRAVELER,SPECIES_GOLBAT,SPECIES_LARVITAR,SPECIES_GOLBAT,SPECIES_LARVITAR,SPECIES_ABSOL,SPECIES_MAKUHITA,SPECIES_BRONZOR,SPECIES_CHINGLING,30,40,SPECIES_SEAKING,35,45,SPECIES_SEAKING,30,40,SPECIES_GOLDEEN,30,40,SPECIES_GOLDEEN,50,50,SPECIES_SEAKING,0,0,SPECIES_NONE,0,0,SPECIES_NONE,10,10,SPECIES_MAGIKARP,10,10,SPECIES_MAGIKARP,10,10,SPECIES_MAGIKARP,10,10,SPECIES_GOLDEEN,10,10,SPECIES_GOLDEEN,20,20,SPECIES_MAGIKARP,20,20,SPECIES_GOLDEEN,20,20,SPECIES_SEAKING,20,20,SPECIES_MAGIKARP,20,20,SPECIES_SEAKING,40,40,SPECIES_GYARADOS,40,40,SPECIES_SEAKING,40,40,SPECIES_SEAKING,40,40,SPECIES_GYARADOS,40,40,SPECIES_SEAKING,SPECIES_ONIX,SPECIES_SEAKING,SPECIES_GYARADOS,SPECIES_MAGIKARP
D41R0103,20,0,0,0,0,0,51,48,51,48,48,48,50,50,51,20,51,15,SPECIES_GOLBAT,SPECIES_ONIX,SPECIES_GOLBAT,SPECIES_ONIX,SPECIES_PHANPY,SPECIES_GOLBAT,SPECIES_DONPHAN,SPECIES_DONPHAN,SPECIES_GOLDUCK,SPECIES_LARVITAR,SPECIES_GOLDUCK,SPECIES_LARVITAR,SPECIES_GOLBAT,SPECIES_ONIX,SPECIES_GOLBAT,SPECIES_ONIX,SPECIES_PHANPY,SPECIES_GOLBAT,SPECIES_DONPHAN,SPECIES_DONPHAN,SPECIES_GOLDUCK,SPECIES_LARVITAR,SPECIES_GOLDUCK,SPECIES_LARVITAR,SPECIES_GOLBAT,SPECIES_ONIX,SPECIES_GOLBAT,SPECIES_ONIX,SPECIES_PHANPY,SPECIES_GOLBAT,SPECIES_DONPHAN,SPECIES_DONPHAN,SPECIES_GOLDUCK,SPECIES_LARVITAR,SPECIES_GOLDUCK,SPECIES_LARVITAR,SPECIES_ABSOL,SPECIES_MAKUHITA,SPECIES_BRONZOR,SPECIES_CHINGLING,0,0,SPECIES_NONE,0,0,SPECIES_NONE,0,0,SPECIES_NONE,0,0,SPECIES_NONE,0,0,SPECIES_NONE,0,0,SPECIES_NONE,0,0,SPECIES_NONE,0,0,SPECIES_NONE,0,0,SPECIES_NONE,0,0,SPECIES_NONE,0,0,SPECIES_NONE,0,0,SPECIES_NONE,0,0,SPECIES_NONE,0,0,SPECIES_NONE,0,0,SPECIES_NONE,0,0,SPECIES_NONE,0,0,SPECIES_NONE,0,0,SPECIES_NONE,0,0,SPECIES_NONE,0,0,SPECIES_NONE,0,0,SPECIES_NONE,0,0,SPECIES_NONE,SPECIES_GOLBAT,SPECIES_NONE,SPECIES_NONE,SPECIES_NONE
D41R0104,10,0,0,0,0,0,45,48,45,46,48,47,45,45,48,20,48,15,SPECIES_QUAGSIRE,SPECIES_GOLDUCK,SPECIES_QUAGSIRE,SPECIES_PHANPY,SPECIES_DONPHAN,SPECIES_DONPHAN,SPECIES_PUPITAR,SPECIES_QUAGSIRE,SPECIES_GOLBAT,SPECIES_LARVITAR,SPECIES_GOLBAT,SPECIES_LARVITAR,SPECIES_QUAGSIRE,SPECIES_GOLDUCK,SPECIES_QUAGSIRE,SPECIES_PHANPY,SPECIES_DONPHAN,SPECIES_DONPHAN,SPECIES_PUPITAR,SPECIES_QUAGSIRE,SPECIES_GOLBAT,SPECIES_LARVITAR,SPECIES_GOLBAT,SPECIES_LARVITAR,SPECIES_MISDREAVUS,SPECIES_GOLDUCK,SPECIES_MISDREAVUS,SPECIES_PHANPY,SPECIES_DONPHAN,SPECIES_DONPHAN,SPECIES_PUPITAR,SPECIES_QUAGSIRE,SPECIES_GOLBAT,SPECIES_LARVITAR,SPECIES_GOLBAT,SPECIES_LARVITAR,SPECIES_ABSOL,SPECIES_MAKUHITA,SPECIES_BRONZOR,SPECIES_CHINGLING,0,0,SPECIES_NONE,0,0,SPECIES_NONE,0,0,SPECIES_NONE,0,0,SPECIES_NONE,0,0,SPECIES_NONE,0,0,SPECIES_NONE,0,0,SPECIES_NONE,0,0,SPECIES_NONE,0,0,SPECIES_NONE,0,0,SPECIES_NONE,0,0,SPECIES_NONE,0,0,SPECIES_NONE,0,0,SPECIES_NONE,0,0,SPECIES_NONE,0,0,SPECIES_NONE,0,0,SPECIES_NONE,0,0,SPECIES_NONE,0,0,SPECIES_NONE,0,0,SPECIES_NONE,0,0,SPECIES_NONE,0,0,SPECIES_NONE,0,0,SPECIES_NONE,SPECIES_QUAGSIRE,SPECIES_NONE,SPECIES_NONE,SPECIES_NONE
D41R0102,20,10,0,25,50,75,45,48,45,48,47,47,30,45,48,20,48,15,SPECIES_SNEASEL,SPECIES_GOLDUCK,SPECIES_QUAGSIRE,SPECIES_GOLDUCK,SPECIES_DONPHAN,SPECIES_DONPHAN,SPECIES_LARVITAR,SPECIES_QUAGSIRE,SPECIES_GOLBAT,SPECIES_LARVITAR,SPECIES_GOLBAT,SPECIES_LARVITAR,SPECIES_SNEASEL,SPECIES_GOLDUCK,SPECIES_QUAGSIRE,SPECIES_GOLDUCK,SPECIES_DONPHAN,SPECIES_DONPHAN,SPECIES_LARVITAR,SPECIES_QUAGSIRE,SPECIES_GOLBAT,SPECIES_LARVITAR,SPECIES_GOLBAT,SPECIES_LARVITAR,SPECIES_SNEASEL,SPECIES_GOLDUCK,SPECIES_QUAGSIRE,SPECIES_MISDREAVUS,SPECIES_DONPHAN,SPECIES_DONPHAN,SPECIES_LARVITAR,SPECIES_MISDREAVUS,SPECIES_GOLBAT,SPECIES_LARVITAR,SPECIES_GOLBAT,SPECIES_LARVITAR,SPECIES_ABSOL,SPECIES_MAKUHITA,SPECIES_BRONZOR,SPECIES_CHINGLING,30,40,SPECIES_SEAKING,35,45,SPECIES_SEAKING,30,40,SPECIES_GOLDEEN,30,40,SPECIES_GOLDEEN,30,40,SPECIES_GOLDEEN,0,0,SPECIES_NONE,0,0,SPECIES_NONE,10,10,SPECIES_MAGIKARP,10,10,SPECIES_MAGIKARP,10,10,SPECIES_MAGIKARP,10,10,SPECIES_GOLDEEN,10,10,SPECIES_GOLDEEN,20,20,SPECIES_MAGIKARP,20,20,SPECIES_GOLDEEN,20,20,SPECIES_GOLDEEN,20,20,SPECIES_GOLDEEN,20,20,SPECIES_GOLDEEN,40,40,SPECIES_GOLDEEN,40,40,SPECIES_GOLDEEN,40,40,SPECIES_MAGIKARP,40,40,SPECIES_SEAKING,40,40,SPECIES_MAGIKARP,SPECIES_SNEASEL,SPECIES_SEAKING,SPECIES_GOLDEEN,SPECIES_MAGIKARP
090,0,0,0,0,0,0,0,0,0,0,0,0,0,0,0,0,0,0,SPECIES_NONE,SPECIES_NONE,SPECIES_NONE,SPECIES_NONE,SPECIES_NONE,SPECIES_NONE,SPECIES_NONE,SPECIES_NONE,SPECIES_NONE,SPECIES_NONE,SPECIES_NONE,SPECIES_NONE,SPECIES_NONE,SPECIES_NONE,SPECIES_NONE,SPECIES_NONE,SPECIES_NONE,SPECIES_NONE,SPECIES_NONE,SPECIES_NONE,SPECIES_NONE,SPECIES_NONE,SPECIES_NONE,SPECIES_NONE,SPECIES_NONE,SPECIES_NONE,SPECIES_NONE,SPECIES_NONE,SPECIES_NONE,SPECIES_NONE,SPECIES_NONE,SPECIES_NONE,SPECIES_NONE,SPECIES_NONE,SPECIES_NONE,SPECIES_NONE,SPECIES_NONE,SPECIES_NONE,SPECIES_NONE,SPECIES_NONE,0,0,SPECIES_NONE,0,0,SPECIES_NONE,0,0,SPECIES_NONE,0,0,SPECIES_NONE,0,0,SPECIES_NONE,0,0,SPECIES_NONE,0,0,SPECIES_NONE,0,0,SPECIES_NONE,0,0,SPECIES_NONE,0,0,SPECIES_NONE,0,0,SPECIES_NONE,0,0,SPECIES_NONE,0,0,SPECIES_NONE,0,0,SPECIES_NONE,0,0,SPECIES_NONE,0,0,SPECIES_NONE,0,0,SPECIES_NONE,0,0,SPECIES_NONE,0,0,SPECIES_NONE,0,0,SPECIES_NONE,0,0,SPECIES_NONE,0,0,SPECIES_NONE,SPECIES_NONE,SPECIES_NONE,SPECIES_NONE,SPECIES_NONE
D47R0102,20,15,0,100,100,100,20,20,20,20,20,20,20,20,20,20,20,20,SPECIES_RATTATA,SPECIES_RATTATA,SPECIES_RATTATA,SPECIES_RATTATA,SPECIES_RATTATA,SPECIES_RATTATA,SPECIES_RATTATA,SPECIES_RATTATA,SPECIES_RATTATA,SPECIES_RATTATA,SPECIES_RATTATA,SPECIES_RATTATA,SPECIES_RATTATA,SPECIES_RATTATA,SPECIES_RATTATA,SPECIES_RATTATA,SPECIES_RATTATA,SPECIES_RATTATA,SPECIES_RATTATA,SPECIES_RATTATA,SPECIES_RATTATA,SPECIES_RATTATA,SPECIES_RATTATA,SPECIES_RATTATA,SPECIES_RATTATA,SPECIES_RATTATA,SPECIES_RATTATA,SPECIES_RATTATA,SPECIES_RATTATA,SPECIES_RATTATA,SPECIES_RATTATA,SPECIES_RATTATA,SPECIES_RATTATA,SPECIES_RATTATA,SPECIES_RATTATA,SPECIES_RATTATA,SPECIES_ZIGZAGOON,SPECIES_ZIGZAGOON,SPECIES_BIDOOF,SPECIES_BIDOOF,10,20,SPECIES_MAGIKARP,10,20,SPECIES_MAGIKARP,10,20,SPECIES_MAGIKARP,10,20,SPECIES_MAGIKARP,10,20,SPECIES_MAGIKARP,0,0,SPECIES_NONE,0,0,SPECIES_NONE,10,20,SPECIES_GOLDEEN,10,20,SPECIES_GOLDEEN,10,20,SPECIES_GOLDEEN,10,20,SPECIES_GOLDEEN,10,20,SPECIES_GOLDEEN,10,20,SPECIES_GOLDEEN,10,20,SPECIES_GOLDEEN,10,20,SPECIES_GOLDEEN,10,20,SPECIES_GOLDEEN,10,20,SPECIES_GOLDEEN,10,20,SPECIES_GOLDEEN,10,20,SPECIES_GOLDEEN,10,20,SPECIES_GOLDEEN,10,20,SPECIES_GOLDEEN,10,20,SPECIES_GOLDEEN,SPECIES_RATTATA,SPECIES_MAGIKARP,SPECIES_GOLDEEN,SPECIES_GOLDEEN
R12,0,15,0,25,50,75,0,0,0,0,0,0,0,0,0,0,0,0,SPECIES_NONE,SPECIES_NONE,SPECIES_NONE,SPECIES_NONE,SPECIES_NONE,SPECIES_NONE,SPECIES_NONE,SPECIES_NONE,SPECIES_NONE,SPECIES_NONE,SPECIES_NONE,SPECIES_NONE,SPECIES_NONE,SPECIES_NONE,SPECIES_NONE,SPECIES_NONE,SPECIES_NONE,SPECIES_NONE,SPECIES_NONE,SPECIES_NONE,SPECIES_NONE,SPECIES_NONE,SPECIES_NONE,SPECIES_NONE,SPECIES_NONE,SPECIES_NONE,SPECIES_NONE,SPECIES_NONE,SPECIES_NONE,SPECIES_NONE,SPECIES_NONE,SPECIES_NONE,SPECIES_NONE,SPECIES_NONE,SPECIES_NONE,SPECIES_NONE,SPECIES_NONE,SPECIES_NONE,SPECIES_NONE,SPECIES_NONE,25,25,SPECIES_TENTACOOL,25,25,SPECIES_QUAGSIRE,25,25,SPECIES_TENTACRUEL,25,25,SPECIES_TENTACRUEL,25,25,SPECIES_TENTACRUEL,0,0,SPECIES_NONE,0,0,SPECIES_NONE,10,10,SPECIES_MAGIKARP,10,10,SPECIES_MAGIKARP,10,10,SPECIES_MAGIKARP,10,10,SPECIES_TENTACOOL,10,10,SPECIES_TENTACOOL,20,20,SPECIES_MAGIKARP,20,20,SPECIES_TENTACOOL,20,20,SPECIES_TENTACOOL,20,20,SPECIES_TENTACOOL,20,20,SPECIES_TENTACOOL,40,40,SPECIES_TENTACOOL,40,40,SPECIES_TENTACOOL,40,40,SPECIES_MAGIKARP,40,40,SPECIES_QWILFISH,40,40,SPECIES_MAGIKARP,SPECIES_NONE,SPECIES_TENTACOOL,SPECIES_TENTACOOL,SPECIES_RELICANTH
W19,0,10,30,25,50,75,0,0,0,0,0,0,0,0,0,0,0,0,SPECIES_NONE,SPECIES_NONE,SPECIES_NONE,SPECIES_NONE,SPECIES_NONE,SPECIES_NONE,SPECIES_NONE,SPECIES_NONE,SPECIES_NONE,SPECIES_NONE,SPECIES_NONE,SPECIES_NONE,SPECIES_NONE,SPECIES_NONE,SPECIES_NONE,SPECIES_NONE,SPECIES_NONE,SPECIES_NONE,SPECIES_NONE,SPECIES_NONE,SPECIES_NONE,SPECIES_NONE,SPECIES_NONE,SPECIES_NONE,SPECIES_NONE,SPECIES_NONE,SPECIES_NONE,SPECIES_NONE,SPECIES_NONE,SPECIES_NONE,SPECIES_NONE,SPECIES_NONE,SPECIES_NONE,SPECIES_NONE,SPECIES_NONE,SPECIES_NONE,SPECIES_NONE,SPECIES_NONE,SPECIES_NONE,SPECIES_NONE,35,35,SPECIES_TENTACOOL,30,30,SPECIES_TENTACOOL,35,35,SPECIES_TENTACRUEL,35,35,SPECIES_TENTACRUEL,35,35,SPECIES_TENTACRUEL,28,31,SPECIES_KINGLER,24,27,SPECIES_KRABBY,10,10,SPECIES_MAGIKARP,10,10,SPECIES_MAGIKARP,10,10,SPECIES_MAGIKARP,10,10,SPECIES_KRABBY,10,10,SPECIES_KRABBY,20,20,SPECIES_MAGIKARP,20,20,SPECIES_KRABBY,20,20,SPECIES_KRABBY,20,20,SPECIES_CORSOLA,20,20,SPECIES_KRABBY,40,40,SPECIES_KRABBY,40,40,SPECIES_CORSOLA,40,40,SPECIES_KRABBY,40,40,SPECIES_KINGLER,40,40,SPECIES_KRABBY,SPECIES_NONE,SPECIES_CLAMPERL,SPECIES_STARYU,SPECIES_MAGIKARP
W20,0,10,0,25,50,75,0,0,0,0,0,0,0,0,0,0,0,0,SPECIES_NONE,SPECIES_NONE,SPECIES_NONE,SPECIES_NONE,SPECIES_NONE,SPECIES_NONE,SPECIES_NONE,SPECIES_NONE,SPECIES_NONE,SPECIES_NONE,SPECIES_NONE,SPECIES_NONE,SPECIES_NONE,SPECIES_NONE,SPECIES_NONE,SPECIES_NONE,SPECIES_NONE,SPECIES_NONE,SPECIES_NONE,SPECIES_NONE,SPECIES_NONE,SPECIES_NONE,SPECIES_NONE,SPECIES_NONE,SPECIES_NONE,SPECIES_NONE,SPECIES_NONE,SPECIES_NONE,SPECIES_NONE,SPECIES_NONE,SPECIES_NONE,SPECIES_NONE,SPECIES_NONE,SPECIES_NONE,SPECIES_NONE,SPECIES_NONE,SPECIES_NONE,SPECIES_NONE,SPECIES_NONE,SPECIES_NONE,35,35,SPECIES_TENTACOOL,30,30,SPECIES_TENTACOOL,35,35,SPECIES_TENTACRUEL,35,35,SPECIES_TENTACRUEL,35,35,SPECIES_TENTACRUEL,0,0,SPECIES_NONE,0,0,SPECIES_NONE,10,10,SPECIES_MAGIKARP,10,10,SPECIES_MAGIKARP,10,10,SPECIES_MAGIKARP,10,10,SPECIES_TENTACOOL,10,10,SPECIES_TENTACOOL,20,20,SPECIES_MAGIKARP,20,20,SPECIES_TENTACOOL,20,20,SPECIES_CHINCHOU,20,20,SPECIES_SHELLDER,20,20,SPECIES_CHINCHOU,40,40,SPECIES_CHINCHOU,40,40,SPECIES_SHELLDER,40,40,SPECIES_TENTACRUEL,40,40,SPECIES_LANTURN,40,40,SPECIES_TENTACRUEL,SPECIES_NONE,SPECIES_TENTACOOL,SPECIES_SHELLDER,SPECIES_MAGIKARP
T01,0,15,0,25,50,75,0,0,0,0,0,0,0,0,0,0,0,0,SPECIES_NONE,SPECIES_NONE,SPECIES_NONE,SPECIES_NONE,SPECIES_NONE,SPECIES_NONE,SPECIES_NONE,SPECIES_NONE,SPECIES_NONE,SPECIES_NONE,SPECIES_NONE,SPECIES_NONE,SPECIES_NONE,SPECIES_NONE,SPECIES_NONE,SPECIES_NONE,SPECIES_NONE,SPECIES_NONE,SPECIES_NONE,SPECIES_NONE,SPECIES_NONE,SPECIES_NONE,SPECIES_NONE,SPECIES_NONE,SPECIES_NONE,SPECIES_NONE,SPECIES_NONE,SPECIES_NONE,SPECIES_NONE,SPECIES_NONE,SPECIES_NONE,SPECIES_NONE,SPECIES_NONE,SPECIES_NONE,SPECIES_NONE,SPECIES_NONE,SPECIES_NONE,SPECIES_NONE,SPECIES_NONE,SPECIES_NONE,35,35,SPECIES_TENTACOOL,30,30,SPECIES_TENTACOOL,35,35,SPECIES_TENTACRUEL,35,35,SPECIES_TENTACRUEL,35,35,SPECIES_TENTACRUEL,0,0,SPECIES_NONE,0,0,SPECIES_NONE,10,10,SPECIES_MAGIKARP,10,10,SPECIES_MAGIKARP,10,10,SPECIES_MAGIKARP,10,10,SPECIES_TENTACOOL,10,10,SPECIES_TENTACOOL,20,20,SPECIES_MAGIKARP,20,20,SPECIES_TENTACOOL,20,20,SPECIES_CHINCHOU,20,20,SPECIES_SHELLDER,20,20,SPECIES_CHINCHOU,40,40,SPECIES_CHINCHOU,40,40,SPECIES_SHELLDER,40,40,SPECIES_TENTACRUEL,40,40,SPECIES_LANTURN,40,40,SPECIES_TENTACRUEL,SPECIES_NONE,SPECIES_TENTACOOL,SPECIES_SHELLDER,SPECIES_MAGIKARP
T02,0,15,0,25,50,75,0,0,0,0,0,0,0,0,0,0,0,0,SPECIES_NONE,SPECIES_NONE,SPECIES_NONE,SPECIES_NONE,SPECIES_NONE,SPECIES_NONE,SPECIES_NONE,SPECIES_NONE,SPECIES_NONE,SPECIES_NONE,SPECIES_NONE,SPECIES_NONE,SPECIES_NONE,SPECIES_NONE,SPECIES_NONE,SPECIES_NONE,SPECIES_NONE,SPECIES_NONE,SPECIES_NONE,SPECIES_NONE,SPECIES_NONE,SPECIES_NONE,SPECIES_NONE,SPECIES_NONE,SPECIES_NONE,SPECIES_NONE,SPECIES_NONE,SPECIES_NONE,SPECIES_NONE,SPECIES_NONE,SPECIES_NONE,SPECIES_NONE,SPECIES_NONE,SPECIES_NONE,SPECIES_NONE,SPECIES_NONE,SPECIES_NONE,SPECIES_NONE,SPECIES_NONE,SPECIES_NONE,10,10,SPECIES_POLIWAG,5,5,SPECIES_POLIWAG,10,10,SPECIES_POLIWHIRL,10,10,SPECIES_POLIWHIRL,10,10,SPECIES_POLIWHIRL,0,0,SPECIES_NONE,0,0,SPECIES_NONE,10,10,SPECIES_MAGIKARP,10,10,SPECIES_MAGIKARP,10,10,SPECIES_MAGIKARP,10,10,SPECIES_POLIWAG,10,10,SPECIES_POLIWAG,20,20,SPECIES_MAGIKARP,20,20,SPECIES_POLIWAG,20,20,SPECIES_POLIWAG,20,20,SPECIES_POLIWAG,20,20,SPECIES_POLIWAG,40,40,SPECIES_POLIWAG,40,40,SPECIES_POLIWAG,40,40,SPECIES_MAGIKARP,40,40,SPECIES_POLIWAG,40,40,SPECIES_MAGIKARP,SPECIES_NONE,SPECIES_POLIWAG,SPECIES_POLIWAG,SPECIES_MAGIKARP
T04,0,10,0,25,50,75,0,0,0,0,0,0,0,0,0,0,0,0,SPECIES_NONE,SPECIES_NONE,SPECIES_NONE,SPECIES_NONE,SPECIES_NONE,SPECIES_NONE,SPECIES_NONE,SPECIES_NONE,SPECIES_NONE,SPECIES_NONE,SPECIES_NONE,SPECIES_NONE,SPECIES_NONE,SPECIES_NONE,SPECIES_NONE,SPECIES_NONE,SPECIES_NONE,SPECIES_NONE,SPECIES_NONE,SPECIES_NONE,SPECIES_NONE,SPECIES_NONE,SPECIES_NONE,SPECIES_NONE,SPECIES_NONE,SPECIES_NONE,SPECIES_NONE,SPECIES_NONE,SPECIES_NONE,SPECIES_NONE,SPECIES_NONE,SPECIES_NONE,SPECIES_NONE,SPECIES_NONE,SPECIES_NONE,SPECIES_NONE,SPECIES_NONE,SPECIES_NONE,SPECIES_NONE,SPECIES_NONE,10,10,SPECIES_GOLDEEN,5,5,SPECIES_GOLDEEN,10,10,SPECIES_SEAKING,10,10,SPECIES_SEAKING,10,10,SPECIES_SEAKING,0,0,SPECIES_NONE,0,0,SPECIES_NONE,10,10,SPECIES_MAGIKARP,10,10,SPECIES_MAGIKARP,10,10,SPECIES_MAGIKARP,10,10,SPECIES_GOLDEEN,10,10,SPECIES_GOLDEEN,20,20,SPECIES_MAGIKARP,20,20,SPECIES_GOLDEEN,20,20,SPECIES_GOLDEEN,20,20,SPECIES_GOLDEEN,20,20,SPECIES_GOLDEEN,40,40,SPECIES_GOLDEEN,40,40,SPECIES_GOLDEEN,40,40,SPECIES_MAGIKARP,40,40,SPECIES_SEAKING,40,40,SPECIES_MAGIKARP,SPECIES_NONE,SPECIES_GOLDEEN,SPECIES_GOLDEEN,SPECIES_MAGIKARP
T06,0,15,40,25,50,75,0,0,0,0,0,0,0,0,0,0,0,0,SPECIES_NONE,SPECIES_NONE,SPECIES_NONE,SPECIES_NONE,SPECIES_NONE,SPECIES_NONE,SPECIES_NONE,SPECIES_NONE,SPECIES_NONE,SPECIES_NONE,SPECIES_NONE,SPECIES_NONE,SPECIES_NONE,SPECIES_NONE,SPECIES_NONE,SPECIES_NONE,SPECIES_NONE,SPECIES_NONE,SPECIES_NONE,SPECIES_NONE,SPECIES_NONE,SPECIES_NONE,SPECIES_NONE,SPECIES_NONE,SPECIES_NONE,SPECIES_NONE,SPECIES_NONE,SPECIES_NONE,SPECIES_NONE,SPECIES_NONE,SPECIES_NONE,SPECIES_NONE,SPECIES_NONE,SPECIES_NONE,SPECIES_NONE,SPECIES_NONE,SPECIES_NONE,SPECIES_NONE,SPECIES_NONE,SPECIES_NONE,35,35,SPECIES_TENTACOOL,30,30,SPECIES_TENTACOOL,35,35,SPECIES_TENTACRUEL,35,35,SPECIES_TENTACRUEL,35,35,SPECIES_TENTACRUEL,24,37,SPECIES_DIGLETT,32,35,SPECIES_SHUCKLE,10,10,SPECIES_MAGIKARP,10,10,SPECIES_MAGIKARP,10,10,SPECIES_MAGIKARP,10,10,SPECIES_TENTACOOL,10,10,SPECIES_TENTACOOL,20,20,SPECIES_MAGIKARP,20,20,SPECIES_TENTACOOL,20,20,SPECIES_CHINCHOU,20,20,SPECIES_SHELLDER,20,20,SPECIES_CHINCHOU,40,40,SPECIES_CHINCHOU,40,40,SPECIES_SHELLDER,40,40,SPECIES_TENTACRUEL,40,40,SPECIES_LANTURN,40,40,SPECIES_TENTACRUEL,SPECIES_NONE,SPECIES_WINGULL,SPECIES_SHELLDER,SPECIES_MAGIKARP
T07,0,15,0,0,0,0,0,0,0,0,0,0,0,0,0,0,0,0,SPECIES_NONE,SPECIES_NONE,SPECIES_NONE,SPECIES_NONE,SPECIES_NONE,SPECIES_NONE,SPECIES_NONE,SPECIES_NONE,SPECIES_NONE,SPECIES_NONE,SPECIES_NONE,SPECIES_NONE,SPECIES_NONE,SPECIES_NONE,SPECIES_NONE,SPECIES_NONE,SPECIES_NONE,SPECIES_NONE,SPECIES_NONE,SPECIES_NONE,SPECIES_NONE,SPECIES_NONE,SPECIES_NONE,SPECIES_NONE,SPECIES_NONE,SPECIES_NONE,SPECIES_NONE,SPECIES_NONE,SPECIES_NONE,SPECIES_NONE,SPECIES_NONE,SPECIES_NONE,SPECIES_NONE,SPECIES_NONE,SPECIES_NONE,SPECIES_NONE,SPECIES_NONE,SPECIES_NONE,SPECIES_NONE,SPECIES_NONE,20,20,SPECIES_GRIMER,15,15,SPECIES_GRIMER,15,15,SPECIES_MUK,15,15,SPECIES_MUK,15,15,SPECIES_MUK,0,0,SPECIES_NONE,0,0,SPECIES_NONE,0,0,SPECIES_NONE,0,0,SPECIES_NONE,0,0,SPECIES_NONE,0,0,SPECIES_NONE,0,0,SPECIES_NONE,0,0,SPECIES_NONE,0,0,SPECIES_NONE,0,0,SPECIES_NONE,0,0,SPECIES_NONE,0,0,SPECIES_NONE,0,0,SPECIES_NONE,0,0,SPECIES_NONE,0,0,SPECIES_NONE,0,0,SPECIES_NONE,0,0,SPECIES_NONE,SPECIES_NONE,SPECIES_GRIMER,SPECIES_NONE,SPECIES_NONE
T08,0,15,0,25,50,75,0,0,0,0,0,0,0,0,0,0,0,0,SPECIES_NONE,SPECIES_NONE,SPECIES_NONE,SPECIES_NONE,SPECIES_NONE,SPECIES_NONE,SPECIES_NONE,SPECIES_NONE,SPECIES_NONE,SPECIES_NONE,SPECIES_NONE,SPECIES_NONE,SPECIES_NONE,SPECIES_NONE,SPECIES_NONE,SPECIES_NONE,SPECIES_NONE,SPECIES_NONE,SPECIES_NONE,SPECIES_NONE,SPECIES_NONE,SPECIES_NONE,SPECIES_NONE,SPECIES_NONE,SPECIES_NONE,SPECIES_NONE,SPECIES_NONE,SPECIES_NONE,SPECIES_NONE,SPECIES_NONE,SPECIES_NONE,SPECIES_NONE,SPECIES_NONE,SPECIES_NONE,SPECIES_NONE,SPECIES_NONE,SPECIES_NONE,SPECIES_NONE,SPECIES_NONE,SPECIES_NONE,20,20,SPECIES_MAGIKARP,15,15,SPECIES_MAGIKARP,10,10,SPECIES_MAGIKARP,10,10,SPECIES_MAGIKARP,10,10,SPECIES_MAGIKARP,0,0,SPECIES_NONE,0,0,SPECIES_NONE,10,10,SPECIES_MAGIKARP,10,10,SPECIES_MAGIKARP,10,10,SPECIES_MAGIKARP,10,10,SPECIES_MAGIKARP,10,10,SPECIES_MAGIKARP,20,20,SPECIES_MAGIKARP,20,20,SPECIES_MAGIKARP,20,20,SPECIES_MAGIKARP,20,20,SPECIES_GYARADOS,20,20,SPECIES_MAGIKARP,40,40,SPECIES_MAGIKARP,40,40,SPECIES_GYARADOS,40,40,SPECIES_MAGIKARP,40,40,SPECIES_MAGIKARP,40,40,SPECIES_MAGIKARP,SPECIES_NONE,SPECIES_MAGIKARP,SPECIES_GYARADOS,SPECIES_MAGIKARP
T09,0,15,0,25,50,75,0,0,0,0,0,0,0,0,0,0,0,0,SPECIES_NONE,SPECIES_NONE,SPECIES_NONE,SPECIES_NONE,SPECIES_NONE,SPECIES_NONE,SPECIES_NONE,SPECIES_NONE,SPECIES_NONE,SPECIES_NONE,SPECIES_NONE,SPECIES_NONE,SPECIES_NONE,SPECIES_NONE,SPECIES_NONE,SPECIES_NONE,SPECIES_NONE,SPECIES_NONE,SPECIES_NONE,SPECIES_NONE,SPECIES_NONE,SPECIES_NONE,SPECIES_NONE,SPECIES_NONE,SPECIES_NONE,SPECIES_NONE,SPECIES_NONE,SPECIES_NONE,SPECIES_NONE,SPECIES_NONE,SPECIES_NONE,SPECIES_NONE,SPECIES_NONE,SPECIES_NONE,SPECIES_NONE,SPECIES_NONE,SPECIES_NONE,SPECIES_NONE,SPECIES_NONE,SPECIES_NONE,35,35,SPECIES_TENTACOOL,30,30,SPECIES_TENTACOOL,35,35,SPECIES_TENTACRUEL,35,35,SPECIES_TENTACRUEL,35,35,SPECIES_TENTACRUEL,0,0,SPECIES_NONE,0,0,SPECIES_NONE,10,10,SPECIES_MAGIKARP,10,10,SPECIES_MAGIKARP,10,10,SPECIES_MAGIKARP,10,10,SPECIES_TENTACOOL,10,10,SPECIES_TENTACOOL,20,20,SPECIES_MAGIKARP,20,20,SPECIES_TENTACOOL,20,20,SPECIES_CHINCHOU,20,20,SPECIES_SHELLDER,20,20,SPECIES_CHINCHOU,40,40,SPECIES_CHINCHOU,40,40,SPECIES_SHELLDER,40,40,SPECIES_TENTACRUEL,40,40,SPECIES_LANTURN,40,40,SPECIES_TENTACRUEL,SPECIES_NONE,SPECIES_TENTACOOL,SPECIES_SHELLDER,SPECIES_MAGIKARP
R48,25,0,0,0,0,0,25,20,20,21,22,24,21,20,20,22,22,24,SPECIES_FARFETCHD,SPECIES_TAUROS,SPECIES_HOPPIP,SPECIES_FEAROW,SPECIES_GLOOM,SPECIES_GLOOM,SPECIES_GROWLITHE,SPECIES_GIRAFARIG,SPECIES_DIGLETT,SPECIES_GROWLITHE,SPECIES_HOPPIP,SPECIES_TAUROS,SPECIES_FARFETCHD,SPECIES_TAUROS,SPECIES_HOPPIP,SPECIES_FEAROW,SPECIES_GLOOM,SPECIES_GLOOM,SPECIES_GROWLITHE,SPECIES_GIRAFARIG,SPECIES_DIGLETT,SPECIES_GROWLITHE,SPECIES_HOPPIP,SPECIES_TAUROS,SPECIES_GROWLITHE,SPECIES_TAUROS,SPECIES_HOPPIP,SPECIES_FEAROW,SPECIES_GLOOM,SPECIES_GLOOM,SPECIES_GROWLITHE,SPECIES_GIRAFARIG,SPECIES_DIGLETT,SPECIES_GROWLITHE,SPECIES_HOPPIP,SPECIES_TAUROS,SPECIES_PLUSLE,SPECIES_MINUN,SPECIES_SHINX,SPECIES_SHINX,0,0,SPECIES_NONE,0,0,SPECIES_NONE,0,0,SPECIES_NONE,0,0,SPECIES_NONE,0,0,SPECIES_NONE,0,0,SPECIES_NONE,0,0,SPECIES_NONE,0,0,SPECIES_NONE,0,0,SPECIES_NONE,0,0,SPECIES_NONE,0,0,SPECIES_NONE,0,0,SPECIES_NONE,0,0,SPECIES_NONE,0,0,SPECIES_NONE,0,0,SPECIES_NONE,0,0,SPECIES_NONE,0,0,SPECIES_NONE,0,0,SPECIES_NONE,0,0,SPECIES_NONE,0,0,SPECIES_NONE,0,0,SPECIES_NONE,0,0,SPECIES_NONE,SPECIES_TAUROS,SPECIES_NONE,SPECIES_NONE,SPECIES_NONE
R26,25,10,0,25,50,75,28,28,28,28,32,32,30,30,30,30,30,30,SPECIES_DODUO,SPECIES_SANDSLASH,SPECIES_DODUO,SPECIES_SANDSLASH,SPECIES_PONYTA,SPECIES_PONYTA,SPECIES_DODUO,SPECIES_DODUO,SPECIES_RATICATE,SPECIES_DODRIO,SPECIES_RATICATE,SPECIES_DODRIO,SPECIES_DODUO,SPECIES_SANDSLASH,SPECIES_DODUO,SPECIES_SANDSLASH,SPECIES_PONYTA,SPECIES_PONYTA,SPECIES_DODUO,SPECIES_DODUO,SPECIES_RATICATE,SPECIES_DODRIO,SPECIES_RATICATE,SPECIES_DODRIO,SPECIES_RATICATE,SPECIES_SANDSLASH,SPECIES_RATICATE,SPECIES_SANDSLASH,SPECIES_PONYTA,SPECIES_PONYTA,SPECIES_RATICATE,SPECIES_RATICATE,SPECIES_QUAGSIRE,SPECIES_QUAGSIRE,SPECIES_QUAGSIRE,SPECIES_QUAGSIRE,SPECIES_WHISMUR,SPECIES_LINOONE,SPECIES_BUIZEL,SPECIES_BIDOOF,30,30,SPECIES_TENTACOOL,25,25,SPECIES_TENTACOOL,30,30,SPECIES_TENTACRUEL,30,30,SPECIES_TENTACRUEL,30,30,SPECIES_TENTACRUEL,0,0,SPECIES_NONE,0,0,SPECIES_NONE,10,10,SPECIES_MAGIKARP,10,10,SPECIES_MAGIKARP,10,10,SPECIES_MAGIKARP,10,10,SPECIES_TENTACOOL,10,10,SPECIES_TENTACOOL,20,20,SPECIES_MAGIKARP,20,20,SPECIES_TENTACOOL,20,20,SPECIES_CHINCHOU,20,20,SPECIES_SHELLDER,20,20,SPECIES_CHINCHOU,40,40,SPECIES_CHINCHOU,40,40,SPECIES_SHELLDER,40,40,SPECIES_TENTACRUEL,40,40,SPECIES_LANTURN,40,40,SPECIES_TENTACRUEL,SPECIES_DODUO,SPECIES_TENTACOOL,SPECIES_SHELLDER,SPECIES_MAGIKARP
R27,25,10,0,25,50,75,28,28,28,28,30,30,30,30,32,30,32,30,SPECIES_DODUO,SPECIES_RATICATE,SPECIES_DODUO,SPECIES_RATICATE,SPECIES_DODUO,SPECIES_DODUO,SPECIES_RATICATE,SPECIES_RATICATE,SPECIES_PONYTA,SPECIES_SANDSLASH,SPECIES_PONYTA,SPECIES_SANDSLASH,SPECIES_DODUO,SPECIES_RATICATE,SPECIES_DODUO,SPECIES_RATICATE,SPECIES_DODUO,SPECIES_DODUO,SPECIES_RATICATE,SPECIES_RATICATE,SPECIES_PONYTA,SPECIES_SANDSLASH,SPECIES_PONYTA,SPECIES_SANDSLASH,SPECIES_QUAGSIRE,SPECIES_RATICATE,SPECIES_QUAGSIRE,SPECIES_RATICATE,SPECIES_QUAGSIRE,SPECIES_QUAGSIRE,SPECIES_RATICATE,SPECIES_RATICATE,SPECIES_PONYTA,SPECIES_SANDSLASH,SPECIES_PONYTA,SPECIES_SANDSLASH,SPECIES_WHISMUR,SPECIES_LINOONE,SPECIES_BUIZEL,SPECIES_BIDOOF,20,20,SPECIES_TENTACOOL,15,15,SPECIES_TENTACOOL,20,20,SPECIES_TENTACRUEL,20,20,SPECIES_TENTACRUEL,20,20,SPECIES_TENTACRUEL,0,0,SPECIES_NONE,0,0,SPECIES_NONE,10,10,SPECIES_MAGIKARP,10,10,SPECIES_MAGIKARP,10,10,SPECIES_MAGIKARP,10,10,SPECIES_TENTACOOL,10,10,SPECIES_TENTACOOL,20,20,SPECIES_MAGIKARP,20,20,SPECIES_TENTACOOL,20,20,SPECIES_CHINCHOU,20,20,SPECIES_SHELLDER,20,20,SPECIES_CHINCHOU,40,40,SPECIES_CHINCHOU,40,40,SPECIES_SHELLDER,40,40,SPECIES_TENTACRUEL,40,40,SPECIES_LANTURN,40,40,SPECIES_TENTACRUEL,SPECIES_DODUO,SPECIES_LUVDISC,SPECIES_SHELLDER,SPECIES_MAGIKARP
R28,25,10,0,25,50,75,39,40,39,40,40,40,42,42,41,43,41,43,SPECIES_TANGELA,SPECIES_PONYTA,SPECIES_TANGELA,SPECIES_PONYTA,SPECIES_DONPHAN,SPECIES_DONPHAN,SPECIES_RAPIDASH,SPECIES_RAPIDASH,SPECIES_DODUO,SPECIES_DODRIO,SPECIES_DODUO,SPECIES_DODRIO,SPECIES_TANGELA,SPECIES_PONYTA,SPECIES_TANGELA,SPECIES_PONYTA,SPECIES_DONPHAN,SPECIES_DONPHAN,SPECIES_RAPIDASH,SPECIES_RAPIDASH,SPECIES_DODUO,SPECIES_DODRIO,SPECIES_DODUO,SPECIES_DODRIO,SPECIES_TANGELA,SPECIES_PONYTA,SPECIES_TANGELA,SPECIES_PONYTA,SPECIES_DONPHAN,SPECIES_DONPHAN,SPECIES_SNEASEL,SPECIES_SNEASEL,SPECIES_RAPIDASH,SPECIES_RAPIDASH,SPECIES_RAPIDASH,SPECIES_RAPIDASH,SPECIES_WHISMUR,SPECIES_LINOONE,SPECIES_BUIZEL,SPECIES_BIDOOF,40,40,SPECIES_POLIWAG,35,35,SPECIES_POLIWAG,40,40,SPECIES_POLIWHIRL,40,40,SPECIES_POLIWHIRL,40,40,SPECIES_POLIWHIRL,0,0,SPECIES_NONE,0,0,SPECIES_NONE,10,10,SPECIES_MAGIKARP,10,10,SPECIES_MAGIKARP,10,10,SPECIES_MAGIKARP,10,10,SPECIES_POLIWAG,10,10,SPECIES_POLIWAG,20,20,SPECIES_MAGIKARP,20,20,SPECIES_POLIWAG,20,20,SPECIES_POLIWAG,20,20,SPECIES_POLIWAG,20,20,SPECIES_POLIWAG,40,40,SPECIES_POLIWAG,40,40,SPECIES_POLIWAG,40,40,SPECIES_MAGIKARP,40,40,SPECIES_POLIWAG,40,40,SPECIES_MAGIKARP,SPECIES_TANGELA,SPECIES_POLIWAG,SPECIES_POLIWAG,SPECIES_MAGIKARP
D02R0101,15,0,0,0,0,0,6,8,6,8,8,8,12,12,10,8,10,8,SPECIES_ZUBAT,SPECIES_GEODUDE,SPECIES_ZUBAT,SPECIES_GEODUDE,SPECIES_SANDSHREW,SPECIES_SANDSHREW,SPECIES_PARAS,SPECIES_PARAS,SPECIES_SANDSLASH,SPECIES_CLEFAIRY,SPECIES_SANDSLASH,SPECIES_CLEFAIRY,SPECIES_ZUBAT,SPECIES_GEODUDE,SPECIES_ZUBAT,SPECIES_GEODUDE,SPECIES_SANDSHREW,SPECIES_SANDSHREW,SPECIES_PARAS,SPECIES_PARAS,SPECIES_SANDSLASH,SPECIES_CLEFAIRY,SPECIES_SANDSLASH,SPECIES_CLEFAIRY,SPECIES_ZUBAT,SPECIES_GEODUDE,SPECIES_ZUBAT,SPECIES_GEODUDE,SPECIES_SANDSHREW,SPECIES_SANDSHREW,SPECIES_PARAS,SPECIES_PARAS,SPECIES_SANDSLASH,SPECIES_CLEFAIRY,SPECIES_SANDSLASH,SPECIES_CLEFAIRY,SPECIES_ABSOL,SPECIES_MAKUHITA,SPECIES_BRONZOR,SPECIES_CHINGLING,0,0,SPECIES_NONE,0,0,SPECIES_NONE,0,0,SPECIES_NONE,0,0,SPECIES_NONE,0,0,SPECIES_NONE,0,0,SPECIES_NONE,0,0,SPECIES_NONE,0,0,SPECIES_NONE,0,0,SPECIES_NONE,0,0,SPECIES_NONE,0,0,SPECIES_NONE,0,0,SPECIES_NONE,0,0,SPECIES_NONE,0,0,SPECIES_NONE,0,0,SPECIES_NONE,0,0,SPECIES_NONE,0,0,SPECIES_NONE,0,0,SPECIES_NONE,0,0,SPECIES_NONE,0,0,SPECIES_NONE,0,0,SPECIES_NONE,0,0,SPECIES_NONE,SPECIES_ZUBAT,SPECIES_NONE,SPECIES_NONE,SPECIES_NONE
D02R0102,15,0,0,0,0,0,6,8,6,8,8,8,12,12,10,8,10,8,SPECIES_ZUBAT,SPECIES_GEODUDE,SPECIES_ZUBAT,SPECIES_GEODUDE,SPECIES_SANDSHREW,SPECIES_SANDSHREW,SPECIES_PARAS,SPECIES_PARAS,SPECIES_SANDSLASH,SPECIES_CLEFAIRY,SPECIES_SANDSLASH,SPECIES_CLEFAIRY,SPECIES_ZUBAT,SPECIES_GEODUDE,SPECIES_ZUBAT,SPECIES_GEODUDE,SPECIES_SANDSHREW,SPECIES_SANDSHREW,SPECIES_PARAS,SPECIES_PARAS,SPECIES_SANDSLASH,SPECIES_CLEFAIRY,SPECIES_SANDSLASH,SPECIES_CLEFAIRY,SPECIES_ZUBAT,SPECIES_GEODUDE,SPECIES_ZUBAT,SPECIES_GEODUDE,SPECIES_SANDSHREW,SPECIES_SANDSHREW,SPECIES_PARAS,SPECIES_PARAS,SPECIES_SANDSLASH,SPECIES_CLEFAIRY,SPECIES_SANDSLASH,SPECIES_CLEFAIRY,SPECIES_ABSOL,SPECIES_MAKUHITA,SPECIES_BRONZOR,SPECIES_CHINGLING,0,0,SPECIES_NONE,0,0,SPECIES_NONE,0,0,SPECIES_NONE,0,0,SPECIES_NONE,0,0,SPECIES_NONE,0,0,SPECIES_NONE,0,0,SPECIES_NONE,0,0,SPECIES_NONE,0,0,SPECIES_NONE,0,0,SPECIES_NONE,0,0,SPECIES_NONE,0,0,SPECIES_NONE,0,0,SPECIES_NONE,0,0,SPECIES_NONE,0,0,SPECIES_NONE,0,0,SPECIES_NONE,0,0,SPECIES_NONE,0,0,SPECIES_NONE,0,0,SPECIES_NONE,0,0,SPECIES_NONE,0,0,SPECIES_NONE,0,0,SPECIES_NONE,SPECIES_ZUBAT,SPECIES_NONE,SPECIES_NONE,SPECIES_NONE
D05R0101,15,0,0,0,0,0,10,10,10,10,12,12,8,8,14,13,14,13,SPECIES_CUBONE,SPECIES_GEODUDE,SPECIES_CUBONE,SPECIES_GEODUDE,SPECIES_MACHOP,SPECIES_MACHOP,SPECIES_ZUBAT,SPECIES_ZUBAT,SPECIES_MACHOKE,SPECIES_CUBONE,SPECIES_MACHOKE,SPECIES_CUBONE,SPECIES_CUBONE,SPECIES_GEODUDE,SPECIES_CUBONE,SPECIES_GEODUDE,SPECIES_MACHOP,SPECIES_MACHOP,SPECIES_ZUBAT,SPECIES_ZUBAT,SPECIES_MACHOKE,SPECIES_CUBONE,SPECIES_MACHOKE,SPECIES_CUBONE,SPECIES_CUBONE,SPECIES_GEODUDE,SPECIES_CUBONE,SPECIES_GEODUDE,SPECIES_MACHOP,SPECIES_MACHOP,SPECIES_ZUBAT,SPECIES_ZUBAT,SPECIES_MACHOKE,SPECIES_CUBONE,SPECIES_MACHOKE,SPECIES_CUBONE,SPECIES_ABSOL,SPECIES_MAKUHITA,SPECIES_BRONZOR,SPECIES_CHINGLING,0,0,SPECIES_NONE,0,0,SPECIES_NONE,0,0,SPECIES_NONE,0,0,SPECIES_NONE,0,0,SPECIES_NONE,0,0,SPECIES_NONE,0,0,SPECIES_NONE,0,0,SPECIES_NONE,0,0,SPECIES_NONE,0,0,SPECIES_NONE,0,0,SPECIES_NONE,0,0,SPECIES_NONE,0,0,SPECIES_NONE,0,0,SPECIES_NONE,0,0,SPECIES_NONE,0,0,SPECIES_NONE,0,0,SPECIES_NONE,0,0,SPECIES_NONE,0,0,SPECIES_NONE,0,0,SPECIES_NONE,0,0,SPECIES_NONE,0,0,SPECIES_NONE,SPECIES_CUBONE,SPECIES_NONE,SPECIES_NONE,SPECIES_NONE
D05R0102,15,0,20,0,0,0,12,12,12,12,16,16,10,10,14,14,14,14,SPECIES_CUBONE,SPECIES_GEODUDE,SPECIES_CUBONE,SPECIES_GEODUDE,SPECIES_ONIX,SPECIES_ONIX,SPECIES_ZUBAT,SPECIES_ZUBAT,SPECIES_MAROWAK,SPECIES_KANGASKHAN,SPECIES_MAROWAK,SPECIES_KANGASKHAN,SPECIES_CUBONE,SPECIES_GEODUDE,SPECIES_CUBONE,SPECIES_GEODUDE,SPECIES_ONIX,SPECIES_ONIX,SPECIES_ZUBAT,SPECIES_ZUBAT,SPECIES_MAROWAK,SPECIES_KANGASKHAN,SPECIES_MAROWAK,SPECIES_KANGASKHAN,SPECIES_CUBONE,SPECIES_GEODUDE,SPECIES_CUBONE,SPECIES_GEODUDE,SPECIES_ONIX,SPECIES_ONIX,SPECIES_ZUBAT,SPECIES_ZUBAT,SPECIES_MAROWAK,SPECIES_KANGASKHAN,SPECIES_MAROWAK,SPECIES_KANGASKHAN,SPECIES_ABSOL,SPECIES_MAKUHITA,SPECIES_BRONZOR,SPECIES_CHINGLING,0,0,SPECIES_NONE,0,0,SPECIES_NONE,0,0,SPECIES_NONE,0,0,SPECIES_NONE,0,0,SPECIES_NONE,12,16,SPECIES_GEODUDE,17,21,SPECIES_GEODUDE,0,0,SPECIES_NONE,0,0,SPECIES_NONE,0,0,SPECIES_NONE,0,0,SPECIES_NONE,0,0,SPECIES_NONE,0,0,SPECIES_NONE,0,0,SPECIES_NONE,0,0,SPECIES_NONE,0,0,SPECIES_NONE,0,0,SPECIES_NONE,0,0,SPECIES_NONE,0,0,SPECIES_NONE,0,0,SPECIES_NONE,0,0,SPECIES_NONE,0,0,SPECIES_NONE,SPECIES_CUBONE,SPECIES_NONE,SPECIES_NONE,SPECIES_NONE
D43R0101,10,0,0,0,0,0,32,32,32,32,33,33,34,34,36,35,36,35,SPECIES_GRAVELER,SPECIES_GOLBAT,SPECIES_GRAVELER,SPECIES_GOLBAT,SPECIES_DONPHAN,SPECIES_DONPHAN,SPECIES_ONIX,SPECIES_ONIX,SPECIES_ONIX,SPECIES_RHYHORN,SPECIES_ONIX,SPECIES_RHYHORN,SPECIES_GRAVELER,SPECIES_GOLBAT,SPECIES_GRAVELER,SPECIES_GOLBAT,SPECIES_DONPHAN,SPECIES_DONPHAN,SPECIES_ONIX,SPECIES_ONIX,SPECIES_ONIX,SPECIES_RHYHORN,SPECIES_ONIX,SPECIES_RHYHORN,SPECIES_GRAVELER,SPECIES_GOLBAT,SPECIES_GRAVELER,SPECIES_GOLBAT,SPECIES_DONPHAN,SPECIES_DONPHAN,SPECIES_ONIX,SPECIES_ONIX,SPECIES_ONIX,SPECIES_RHYHORN,SPECIES_ONIX,SPECIES_RHYHORN,SPECIES_ABSOL,SPECIES_MAKUHITA,SPECIES_BRONZOR,SPECIES_CHINGLING,0,0,SPECIES_NONE,0,0,SPECIES_NONE,0,0,SPECIES_NONE,0,0,SPECIES_NONE,0,0,SPECIES_NONE,0,0,SPECIES_NONE,0,0,SPECIES_NONE,0,0,SPECIES_NONE,0,0,SPECIES_NONE,0,0,SPECIES_NONE,0,0,SPECIES_NONE,0,0,SPECIES_NONE,0,0,SPECIES_NONE,0,0,SPECIES_NONE,0,0,SPECIES_NONE,0,0,SPECIES_NONE,0,0,SPECIES_NONE,0,0,SPECIES_NONE,0,0,SPECIES_NONE,0,0,SPECIES_NONE,0,0,SPECIES_NONE,0,0,SPECIES_NONE,SPECIES_GRAVELER,SPECIES_NONE,SPECIES_NONE,SPECIES_NONE
R01,20,0,0,0,0,0,2,2,2,2,3,3,3,3,6,4,6,4,SPECIES_PIDGEY,SPECIES_RATTATA,SPECIES_PIDGEY,SPECIES_RATTATA,SPECIES_SENTRET,SPECIES_SENTRET,SPECIES_PIDGEY,SPECIES_PIDGEY,SPECIES_FURRET,SPECIES_PIDGEY,SPECIES_FURRET,SPECIES_PIDGEY,SPECIES_PIDGEY,SPECIES_RATTATA,SPECIES_PIDGEY,SPECIES_RATTATA,SPECIES_SENTRET,SPECIES_SENTRET,SPECIES_PIDGEY,SPECIES_PIDGEY,SPECIES_FURRET,SPECIES_PIDGEY,SPECIES_FURRET,SPECIES_PIDGEY,SPECIES_HOOTHOOT,SPECIES_RATTATA,SPECIES_HOOTHOOT,SPECIES_RATTATA,SPECIES_RATTATA,SPECIES_RATTATA,SPECIES_HOOTHOOT,SPECIES_HOOTHOOT,SPECIES_RATTATA,SPECIES_HOOTHOOT,SPECIES_RATTATA,SPECIES_HOOTHOOT,SPECIES_PLUSLE,SPECIES_MINUN,SPECIES_SHINX,SPECIES_SHINX,0,0,SPECIES_NONE,0,0,SPECIES_NONE,0,0,SPECIES_NONE,0,0,SPECIES_NONE,0,0,SPECIES_NONE,0,0,SPECIES_NONE,0,0,SPECIES_NONE,0,0,SPECIES_NONE,0,0,SPECIES_NONE,0,0,SPECIES_NONE,0,0,SPECIES_NONE,0,0,SPECIES_NONE,0,0,SPECIES_NONE,0,0,SPECIES_NONE,0,0,SPECIES_NONE,0,0,SPECIES_NONE,0,0,SPECIES_NONE,0,0,SPECIES_NONE,0,0,SPECIES_NONE,0,0,SPECIES_NONE,0,0,SPECIES_NONE,0,0,SPECIES_NONE,SPECIES_POOCHYENA,SPECIES_NONE,SPECIES_NONE,SPECIES_NONE
R02,20,0,0,0,0,0,3,3,3,3,5,5,7,8,7,10,7,4,SPECIES_CATERPIE,SPECIES_PIDGEY,SPECIES_CATERPIE,SPECIES_PIDGEY,SPECIES_METAPOD,SPECIES_METAPOD,SPECIES_BUTTERFREE,SPECIES_BUTTERFREE,SPECIES_PIDGEOTTO,SPECIES_SPINARAK,SPECIES_PIDGEOTTO,SPECIES_CATERPIE,SPECIES_CATERPIE,SPECIES_PIDGEY,SPECIES_CATERPIE,SPECIES_PIDGEY,SPECIES_METAPOD,SPECIES_METAPOD,SPECIES_PIDGEY,SPECIES_PIDGEY,SPECIES_PIDGEOTTO,SPECIES_PIDGEOTTO,SPECIES_PIDGEOTTO,SPECIES_CATERPIE,SPECIES_HOOTHOOT,SPECIES_SPINARAK,SPECIES_HOOTHOOT,SPECIES_SPINARAK,SPECIES_HOOTHOOT,SPECIES_HOOTHOOT,SPECIES_NOCTOWL,SPECIES_NOCTOWL,SPECIES_ARIADOS,SPECIES_NOCTOWL,SPECIES_ARIADOS,SPECIES_SPINARAK,SPECIES_PLUSLE,SPECIES_MINUN,SPECIES_SHINX,SPECIES_SHINX,0,0,SPECIES_NONE,0,0,SPECIES_NONE,0,0,SPECIES_NONE,0,0,SPECIES_NONE,0,0,SPECIES_NONE,0,0,SPECIES_NONE,0,0,SPECIES_NONE,0,0,SPECIES_NONE,0,0,SPECIES_NONE,0,0,SPECIES_NONE,0,0,SPECIES_NONE,0,0,SPECIES_NONE,0,0,SPECIES_NONE,0,0,SPECIES_NONE,0,0,SPECIES_NONE,0,0,SPECIES_NONE,0,0,SPECIES_NONE,0,0,SPECIES_NONE,0,0,SPECIES_NONE,0,0,SPECIES_NONE,0,0,SPECIES_NONE,0,0,SPECIES_NONE,SPECIES_CATERPIE,SPECIES_NONE,SPECIES_NONE,SPECIES_NONE
R03,20,0,0,0,0,0,5,5,5,5,8,8,6,6,10,8,10,8,SPECIES_SPEAROW,SPECIES_RATTATA,SPECIES_SPEAROW,SPECIES_RATTATA,SPECIES_SPEAROW,SPECIES_SPEAROW,SPECIES_JIGGLYPUFF,SPECIES_JIGGLYPUFF,SPECIES_RATTATA,SPECIES_SPEAROW,SPECIES_RATTATA,SPECIES_SPEAROW,SPECIES_SPEAROW,SPECIES_RATTATA,SPECIES_SPEAROW,SPECIES_RATTATA,SPECIES_SPEAROW,SPECIES_SPEAROW,SPECIES_JIGGLYPUFF,SPECIES_JIGGLYPUFF,SPECIES_RATTATA,SPECIES_SPEAROW,SPECIES_RATTATA,SPECIES_SPEAROW,SPECIES_RATTATA,SPECIES_ZUBAT,SPECIES_RATTATA,SPECIES_ZUBAT,SPECIES_RATTATA,SPECIES_RATTATA,SPECIES_JIGGLYPUFF,SPECIES_JIGGLYPUFF,SPECIES_RATTATA,SPECIES_RATTATA,SPECIES_RATTATA,SPECIES_RATTATA,SPECIES_PLUSLE,SPECIES_MINUN,SPECIES_SHINX,SPECIES_SHINX,0,0,SPECIES_NONE,0,0,SPECIES_NONE,0,0,SPECIES_NONE,0,0,SPECIES_NONE,0,0,SPECIES_NONE,0,0,SPECIES_NONE,0,0,SPECIES_NONE,0,0,SPECIES_NONE,0,0,SPECIES_NONE,0,0,SPECIES_NONE,0,0,SPECIES_NONE,0,0,SPECIES_NONE,0,0,SPECIES_NONE,0,0,SPECIES_NONE,0,0,SPECIES_NONE,0,0,SPECIES_NONE,0,0,SPECIES_NONE,0,0,SPECIES_NONE,0,0,SPECIES_NONE,0,0,SPECIES_NONE,0,0,SPECIES_NONE,0,0,SPECIES_NONE,SPECIES_BALTOY,SPECIES_NONE,SPECIES_NONE,SPECIES_NONE
R04,20,15,0,25,50,75,5,5,5,5,8,8,6,6,10,8,10,8,SPECIES_SPEAROW,SPECIES_RATTATA,SPECIES_SPEAROW,SPECIES_RATTATA,SPECIES_SPEAROW,SPECIES_SPEAROW,SPECIES_JIGGLYPUFF,SPECIES_JIGGLYPUFF,SPECIES_RATTATA,SPECIES_SPEAROW,SPECIES_RATTATA,SPECIES_SPEAROW,SPECIES_SPEAROW,SPECIES_RATTATA,SPECIES_SPEAROW,SPECIES_RATTATA,SPECIES_SPEAROW,SPECIES_SPEAROW,SPECIES_JIGGLYPUFF,SPECIES_JIGGLYPUFF,SPECIES_RATTATA,SPECIES_SPEAROW,SPECIES_RATTATA,SPECIES_SPEAROW,SPECIES_SPEAROW,SPECIES_ZUBAT,SPECIES_SPEAROW,SPECIES_ZUBAT,SPECIES_RATTATA,SPECIES_RATTATA,SPECIES_JIGGLYPUFF,SPECIES_JIGGLYPUFF,SPECIES_RATTATA,SPECIES_RATTATA,SPECIES_RATTATA,SPECIES_RATTATA,SPECIES_WHISMUR,SPECIES_LINOONE,SPECIES_BUIZEL,SPECIES_BIDOOF,10,10,SPECIES_GOLDEEN,5,5,SPECIES_GOLDEEN,10,10,SPECIES_SEAKING,10,10,SPECIES_SEAKING,10,10,SPECIES_SEAKING,0,0,SPECIES_NONE,0,0,SPECIES_NONE,10,10,SPECIES_MAGIKARP,10,10,SPECIES_MAGIKARP,10,10,SPECIES_MAGIKARP,10,10,SPECIES_GOLDEEN,10,10,SPECIES_GOLDEEN,20,20,SPECIES_MAGIKARP,20,20,SPECIES_GOLDEEN,20,20,SPECIES_GOLDEEN,20,20,SPECIES_GOLDEEN,20,20,SPECIES_GOLDEEN,40,40,SPECIES_GOLDEEN,40,40,SPECIES_GOLDEEN,40,40,SPECIES_MAGIKARP,40,40,SPECIES_SEAKING,40,40,SPECIES_MAGIKARP,SPECIES_SPEAROW,SPECIES_GOLDEEN,SPECIES_GOLDEEN,SPECIES_MAGIKARP
R05,20,0,0,0,0,0,13,13,13,13,14,14,15,15,12,14,12,14,SPECIES_PIDGEY,SPECIES_BELLSPROUT,SPECIES_PIDGEY,SPECIES_BELLSPROUT,SPECIES_PIDGEY,SPECIES_PIDGEY,SPECIES_PIDGEY,SPECIES_PIDGEY,SPECIES_ABRA,SPECIES_ABRA,SPECIES_ABRA,SPECIES_ABRA,SPECIES_PIDGEY,SPECIES_BELLSPROUT,SPECIES_PIDGEY,SPECIES_BELLSPROUT,SPECIES_PIDGEY,SPECIES_PIDGEY,SPECIES_PIDGEY,SPECIES_PIDGEY,SPECIES_ABRA,SPECIES_ABRA,SPECIES_ABRA,SPECIES_ABRA,SPECIES_ODDISH,SPECIES_ODDISH,SPECIES_ODDISH,SPECIES_ODDISH,SPECIES_BELLSPROUT,SPECIES_BELLSPROUT,SPECIES_GLOOM,SPECIES_GLOOM,SPECIES_ABRA,SPECIES_ABRA,SPECIES_ABRA,SPECIES_ABRA,SPECIES_PLUSLE,SPECIES_MINUN,SPECIES_SHINX,SPECIES_SHINX,0,0,SPECIES_NONE,0,0,SPECIES_NONE,0,0,SPECIES_NONE,0,0,SPECIES_NONE,0,0,SPECIES_NONE,0,0,SPECIES_NONE,0,0,SPECIES_NONE,0,0,SPECIES_NONE,0,0,SPECIES_NONE,0,0,SPECIES_NONE,0,0,SPECIES_NONE,0,0,SPECIES_NONE,0,0,SPECIES_NONE,0,0,SPECIES_NONE,0,0,SPECIES_NONE,0,0,SPECIES_NONE,0,0,SPECIES_NONE,0,0,SPECIES_NONE,0,0,SPECIES_NONE,0,0,SPECIES_NONE,0,0,SPECIES_NONE,0,0,SPECIES_NONE,SPECIES_PIDGEY,SPECIES_NONE,SPECIES_NONE,SPECIES_NONE
R06,20,15,0,25,50,75,13,13,13,13,14,14,15,15,12,14,12,14,SPECIES_PIDGEY,SPECIES_BELLSPROUT,SPECIES_PIDGEY,SPECIES_BELLSPROUT,SPECIES_PIDGEY,SPECIES_PIDGEY,SPECIES_MAGNEMITE,SPECIES_MAGNEMITE,SPECIES_ABRA,SPECIES_ABRA,SPECIES_ABRA,SPECIES_ABRA,SPECIES_PIDGEY,SPECIES_BELLSPROUT,SPECIES_PIDGEY,SPECIES_BELLSPROUT,SPECIES_PIDGEY,SPECIES_PIDGEY,SPECIES_MAGNEMITE,SPECIES_MAGNEMITE,SPECIES_ABRA,SPECIES_ABRA,SPECIES_ABRA,SPECIES_ABRA,SPECIES_ODDISH,SPECIES_ODDISH,SPECIES_ODDISH,SPECIES_ODDISH,SPECIES_BELLSPROUT,SPECIES_BELLSPROUT,SPECIES_MAGNEMITE,SPECIES_MAGNEMITE,SPECIES_ABRA,SPECIES_ABRA,SPECIES_ABRA,SPECIES_ABRA,SPECIES_WHISMUR,SPECIES_LINOONE,SPECIES_BUIZEL,SPECIES_BIDOOF,10,10,SPECIES_PSYDUCK,5,5,SPECIES_PSYDUCK,10,10,SPECIES_GOLDUCK,10,10,SPECIES_GOLDUCK,10,10,SPECIES_GOLDUCK,0,0,SPECIES_NONE,0,0,SPECIES_NONE,10,10,SPECIES_MAGIKARP,10,10,SPECIES_MAGIKARP,10,10,SPECIES_MAGIKARP,10,10,SPECIES_POLIWAG,10,10,SPECIES_POLIWAG,20,20,SPECIES_MAGIKARP,20,20,SPECIES_POLIWAG,20,20,SPECIES_POLIWAG,20,20,SPECIES_POLIWAG,20,20,SPECIES_POLIWAG,40,40,SPECIES_POLIWAG,40,40,SPECIES_POLIWAG,40,40,SPECIES_MAGIKARP,40,40,SPECIES_POLIWAG,40,40,SPECIES_MAGIKARP,SPECIES_PIDGEY,SPECIES_PSYDUCK,SPECIES_POLIWAG,SPECIES_MAGIKARP
R07,20,0,0,0,0,0,17,17,17,17,18,18,19,19,19,15,19,15,SPECIES_RATTATA,SPECIES_SPEAROW,SPECIES_RATTATA,SPECIES_SPEAROW,SPECIES_GROWLITHE,SPECIES_GROWLITHE,SPECIES_RATICATE,SPECIES_RATICATE,SPECIES_RATTATA,SPECIES_RATTATA,SPECIES_RATTATA,SPECIES_RATTATA,SPECIES_RATTATA,SPECIES_SPEAROW,SPECIES_RATTATA,SPECIES_SPEAROW,SPECIES_GROWLITHE,SPECIES_GROWLITHE,SPECIES_RATICATE,SPECIES_RATICATE,SPECIES_RATTATA,SPECIES_GROWLITHE,SPECIES_RATTATA,SPECIES_GROWLITHE,SPECIES_RATTATA,SPECIES_MURKROW,SPECIES_RATTATA,SPECIES_MURKROW,SPECIES_GROWLITHE,SPECIES_GROWLITHE,SPECIES_RATICATE,SPECIES_RATICATE,SPECIES_MURKROW,SPECIES_HOUNDOUR,SPECIES_MURKROW,SPECIES_HOUNDOUR,SPECIES_PLUSLE,SPECIES_MINUN,SPECIES_SHINX,SPECIES_SHINX,0,0,SPECIES_NONE,0,0,SPECIES_NONE,0,0,SPECIES_NONE,0,0,SPECIES_NONE,0,0,SPECIES_NONE,0,0,SPECIES_NONE,0,0,SPECIES_NONE,0,0,SPECIES_NONE,0,0,SPECIES_NONE,0,0,SPECIES_NONE,0,0,SPECIES_NONE,0,0,SPECIES_NONE,0,0,SPECIES_NONE,0,0,SPECIES_NONE,0,0,SPECIES_NONE,0,0,SPECIES_NONE,0,0,SPECIES_NONE,0,0,SPECIES_NONE,0,0,SPECIES_NONE,0,0,SPECIES_NONE,0,0,SPECIES_NONE,0,0,SPECIES_NONE,SPECIES_RATTATA,SPECIES_NONE,SPECIES_NONE,SPECIES_NONE
R08,20,0,0,0,0,0,17,19,17,19,15,15,18,18,17,15,17,15,SPECIES_PIDGEOTTO,SPECIES_PIDGEOTTO,SPECIES_PIDGEOTTO,SPECIES_PIDGEOTTO,SPECIES_ABRA,SPECIES_ABRA,SPECIES_GROWLITHE,SPECIES_GROWLITHE,SPECIES_PIDGEOTTO,SPECIES_KADABRA,SPECIES_PIDGEOTTO,SPECIES_KADABRA,SPECIES_PIDGEOTTO,SPECIES_PIDGEOTTO,SPECIES_PIDGEOTTO,SPECIES_PIDGEOTTO,SPECIES_ABRA,SPECIES_ABRA,SPECIES_GROWLITHE,SPECIES_GROWLITHE,SPECIES_PIDGEOTTO,SPECIES_KADABRA,SPECIES_PIDGEOTTO,SPECIES_KADABRA,SPECIES_NOCTOWL,SPECIES_HAUNTER,SPECIES_NOCTOWL,SPECIES_HAUNTER,SPECIES_ABRA,SPECIES_ABRA,SPECIES_NOCTOWL,SPECIES_NOCTOWL,SPECIES_GROWLITHE,SPECIES_KADABRA,SPECIES_GROWLITHE,SPECIES_KADABRA,SPECIES_PLUSLE,SPECIES_MINUN,SPECIES_SHINX,SPECIES_SHINX,0,0,SPECIES_NONE,0,0,SPECIES_NONE,0,0,SPECIES_NONE,0,0,SPECIES_NONE,0,0,SPECIES_NONE,0,0,SPECIES_NONE,0,0,SPECIES_NONE,0,0,SPECIES_NONE,0,0,SPECIES_NONE,0,0,SPECIES_NONE,0,0,SPECIES_NONE,0,0,SPECIES_NONE,0,0,SPECIES_NONE,0,0,SPECIES_NONE,0,0,SPECIES_NONE,0,0,SPECIES_NONE,0,0,SPECIES_NONE,0,0,SPECIES_NONE,0,0,SPECIES_NONE,0,0,SPECIES_NONE,0,0,SPECIES_NONE,0,0,SPECIES_NONE,SPECIES_PIDGEOTTO,SPECIES_NONE,SPECIES_NONE,SPECIES_NONE
R09,20,15,0,25,50,75,13,15,13,15,13,13,15,15,15,15,15,15,SPECIES_MANKEY,SPECIES_RATTATA,SPECIES_MANKEY,SPECIES_RATTATA,SPECIES_SPEAROW,SPECIES_SPEAROW,SPECIES_RATICATE,SPECIES_RATICATE,SPECIES_FEAROW,SPECIES_PRIMEAPE,SPECIES_FEAROW,SPECIES_PRIMEAPE,SPECIES_MANKEY,SPECIES_RATTATA,SPECIES_MANKEY,SPECIES_RATTATA,SPECIES_SPEAROW,SPECIES_SPEAROW,SPECIES_RATICATE,SPECIES_RATICATE,SPECIES_FEAROW,SPECIES_PRIMEAPE,SPECIES_FEAROW,SPECIES_PRIMEAPE,SPECIES_MANKEY,SPECIES_RATTATA,SPECIES_MANKEY,SPECIES_RATTATA,SPECIES_RATICATE,SPECIES_RATICATE,SPECIES_RATTATA,SPECIES_RATTATA,SPECIES_RATICATE,SPECIES_PRIMEAPE,SPECIES_RATICATE,SPECIES_PRIMEAPE,SPECIES_WHISMUR,SPECIES_LINOONE,SPECIES_BUIZEL,SPECIES_BIDOOF,15,15,SPECIES_GOLDEEN,10,10,SPECIES_GOLDEEN,15,15,SPECIES_SEAKING,15,15,SPECIES_SEAKING,15,15,SPECIES_SEAKING,0,0,SPECIES_NONE,0,0,SPECIES_NONE,10,10,SPECIES_MAGIKARP,10,10,SPECIES_MAGIKARP,10,10,SPECIES_MAGIKARP,10,10,SPECIES_GOLDEEN,10,10,SPECIES_GOLDEEN,20,20,SPECIES_MAGIKARP,20,20,SPECIES_GOLDEEN,20,20,SPECIES_GOLDEEN,20,20,SPECIES_GOLDEEN,20,20,SPECIES_GOLDEEN,40,40,SPECIES_GOLDEEN,40,40,SPECIES_GOLDEEN,40,40,SPECIES_MAGIKARP,40,40,SPECIES_SEAKING,40,40,SPECIES_MAGIKARP,SPECIES_SABLEYE,SPECIES_GOLDEEN,SPECIES_GOLDEEN,SPECIES_MAGIKARP
R10,20,15,0,25,50,75,16,17,16,17,16,16,18,18,18,15,18,15,SPECIES_SPEAROW,SPECIES_VOLTORB,SPECIES_SPEAROW,SPECIES_VOLTORB,SPECIES_RATICATE,SPECIES_RATICATE,SPECIES_FEAROW,SPECIES_FEAROW,SPECIES_RATICATE,SPECIES_ELECTABUZZ,SPECIES_RATICATE,SPECIES_ELECTABUZZ,SPECIES_SPEAROW,SPECIES_VOLTORB,SPECIES_SPEAROW,SPECIES_VOLTORB,SPECIES_RATICATE,SPECIES_RATICATE,SPECIES_FEAROW,SPECIES_FEAROW,SPECIES_ELECTABUZZ,SPECIES_ELECTABUZZ,SPECIES_ELECTABUZZ,SPECIES_ELECTABUZZ,SPECIES_QUAGSIRE,SPECIES_VOLTORB,SPECIES_QUAGSIRE,SPECIES_VOLTORB,SPECIES_RATICATE,SPECIES_RATICATE,SPECIES_QUAGSIRE,SPECIES_QUAGSIRE,SPECIES_RATICATE,SPECIES_ELECTABUZZ,SPECIES_RATICATE,SPECIES_ELECTABUZZ,SPECIES_WHISMUR,SPECIES_LINOONE,SPECIES_BUIZEL,SPECIES_BIDOOF,15,15,SPECIES_GOLDEEN,10,10,SPECIES_GOLDEEN,15,15,SPECIES_SEAKING,15,15,SPECIES_SEAKING,15,15,SPECIES_SEAKING,0,0,SPECIES_NONE,0,0,SPECIES_NONE,10,10,SPECIES_MAGIKARP,10,10,SPECIES_MAGIKARP,10,10,SPECIES_MAGIKARP,10,10,SPECIES_GOLDEEN,10,10,SPECIES_GOLDEEN,20,20,SPECIES_MAGIKARP,20,20,SPECIES_GOLDEEN,20,20,SPECIES_GOLDEEN,20,20,SPECIES_GOLDEEN,20,20,SPECIES_GOLDEEN,40,40,SPECIES_GOLDEEN,40,40,SPECIES_GOLDEEN,40,40,SPECIES_MAGIKARP,40,40,SPECIES_SEAKING,40,40,SPECIES_MAGIKARP,SPECIES_SPEAROW,SPECIES_GOLDEEN,SPECIES_GOLDEEN,SPECIES_MAGIKARP
R11,20,0,0,0,0,0,14,15,14,15,15,15,16,16,16,16,16,16,SPECIES_DROWZEE,SPECIES_RATTATA,SPECIES_DROWZEE,SPECIES_RATTATA,SPECIES_MAGNEMITE,SPECIES_MAGNEMITE,SPECIES_DROWZEE,SPECIES_DROWZEE,SPECIES_HYPNO,SPECIES_HYPNO,SPECIES_HYPNO,SPECIES_HYPNO,SPECIES_DROWZEE,SPECIES_RATTATA,SPECIES_DROWZEE,SPECIES_RATTATA,SPECIES_MAGNEMITE,SPECIES_MAGNEMITE,SPECIES_DROWZEE,SPECIES_DROWZEE,SPECIES_HYPNO,SPECIES_HYPNO,SPECIES_HYPNO,SPECIES_HYPNO,SPECIES_DROWZEE,SPECIES_RATTATA,SPECIES_DROWZEE,SPECIES_RATTATA,SPECIES_MAGNEMITE,SPECIES_MAGNEMITE,SPECIES_DROWZEE,SPECIES_DROWZEE,SPECIES_HYPNO,SPECIES_HYPNO,SPECIES_HYPNO,SPECIES_HYPNO,SPECIES_PLUSLE,SPECIES_MINUN,SPECIES_SHINX,SPECIES_SHINX,0,0,SPECIES_NONE,0,0,SPECIES_NONE,0,0,SPECIES_NONE,0,0,SPECIES_NONE,0,0,SPECIES_NONE,0,0,SPECIES_NONE,0,0,SPECIES_NONE,0,0,SPECIES_NONE,0,0,SPECIES_NONE,0,0,SPECIES_NONE,0,0,SPECIES_NONE,0,0,SPECIES_NONE,0,0,SPECIES_NONE,0,0,SPECIES_NONE,0,0,SPECIES_NONE,0,0,SPECIES_NONE,0,0,SPECIES_NONE,0,0,SPECIES_NONE,0,0,SPECIES_NONE,0,0,SPECIES_NONE,0,0,SPECIES_NONE,0,0,SPECIES_NONE,SPECIES_DROWZEE,SPECIES_NONE,SPECIES_NONE,SPECIES_NONE
R13,20,15,0,25,50,75,23,23,23,23,25,25,22,22,24,24,24,25,SPECIES_NIDORINA,SPECIES_NIDORINO,SPECIES_NIDORINA,SPECIES_NIDORINO,SPECIES_PIDGEOTTO,SPECIES_PIDGEOTTO,SPECIES_HOPPIP,SPECIES_HOPPIP,SPECIES_HOPPIP,SPECIES_HOPPIP,SPECIES_HOPPIP,SPECIES_CHANSEY,SPECIES_NIDORINA,SPECIES_NIDORINO,SPECIES_NIDORINA,SPECIES_NIDORINO,SPECIES_PIDGEOTTO,SPECIES_PIDGEOTTO,SPECIES_HOPPIP,SPECIES_HOPPIP,SPECIES_HOPPIP,SPECIES_HOPPIP,SPECIES_HOPPIP,SPECIES_CHANSEY,SPECIES_NIDORINA,SPECIES_NIDORINO,SPECIES_NIDORINA,SPECIES_NIDORINO,SPECIES_NOCTOWL,SPECIES_NOCTOWL,SPECIES_QUAGSIRE,SPECIES_QUAGSIRE,SPECIES_QUAGSIRE,SPECIES_QUAGSIRE,SPECIES_QUAGSIRE,SPECIES_CHANSEY,SPECIES_WHISMUR,SPECIES_LINOONE,SPECIES_BUIZEL,SPECIES_BIDOOF,25,25,SPECIES_TENTACOOL,25,25,SPECIES_QUAGSIRE,25,25,SPECIES_TENTACRUEL,25,25,SPECIES_TENTACRUEL,25,25,SPECIES_TENTACRUEL,0,0,SPECIES_NONE,0,0,SPECIES_NONE,10,10,SPECIES_MAGIKARP,10,10,SPECIES_MAGIKARP,10,10,SPECIES_MAGIKARP,10,10,SPECIES_TENTACOOL,10,10,SPECIES_TENTACOOL,20,20,SPECIES_MAGIKARP,20,20,SPECIES_TENTACOOL,20,20,SPECIES_TENTACOOL,20,20,SPECIES_TENTACOOL,20,20,SPECIES_TENTACOOL,40,40,SPECIES_TENTACOOL,40,40,SPECIES_TENTACOOL,40,40,SPECIES_MAGIKARP,40,40,SPECIES_QWILFISH,40,40,SPECIES_MAGIKARP,SPECIES_CHANSEY,SPECIES_TENTACOOL,SPECIES_TENTACOOL,SPECIES_MAGIKARP
R14,20,0,0,0,0,0,23,23,23,23,25,25,24,24,26,26,26,25,SPECIES_NIDORINA,SPECIES_NIDORINO,SPECIES_NIDORINA,SPECIES_NIDORINO,SPECIES_PIDGEOTTO,SPECIES_PIDGEOTTO,SPECIES_HOPPIP,SPECIES_HOPPIP,SPECIES_SKIPLOOM,SPECIES_SKIPLOOM,SPECIES_SKIPLOOM,SPECIES_CHANSEY,SPECIES_NIDORINA,SPECIES_NIDORINO,SPECIES_NIDORINA,SPECIES_NIDORINO,SPECIES_PIDGEOTTO,SPECIES_PIDGEOTTO,SPECIES_HOPPIP,SPECIES_HOPPIP,SPECIES_SKIPLOOM,SPECIES_SKIPLOOM,SPECIES_SKIPLOOM,SPECIES_CHANSEY,SPECIES_NIDORINA,SPECIES_NIDORINO,SPECIES_NIDORINA,SPECIES_NIDORINO,SPECIES_NOCTOWL,SPECIES_NOCTOWL,SPECIES_QUAGSIRE,SPECIES_QUAGSIRE,SPECIES_QUAGSIRE,SPECIES_QUAGSIRE,SPECIES_QUAGSIRE,SPECIES_CHANSEY,SPECIES_PLUSLE,SPECIES_MINUN,SPECIES_SHINX,SPECIES_SHINX,0,0,SPECIES_NONE,0,0,SPECIES_NONE,0,0,SPECIES_NONE,0,0,SPECIES_NONE,0,0,SPECIES_NONE,0,0,SPECIES_NONE,0,0,SPECIES_NONE,0,0,SPECIES_NONE,0,0,SPECIES_NONE,0,0,SPECIES_NONE,0,0,SPECIES_NONE,0,0,SPECIES_NONE,0,0,SPECIES_NONE,0,0,SPECIES_NONE,0,0,SPECIES_NONE,0,0,SPECIES_NONE,0,0,SPECIES_NONE,0,0,SPECIES_NONE,0,0,SPECIES_NONE,0,0,SPECIES_NONE,0,0,SPECIES_NONE,0,0,SPECIES_NONE,SPECIES_NIDORINA,SPECIES_NONE,SPECIES_NONE,SPECIES_NONE
R15,20,0,0,0,0,0,23,23,23,23,25,25,22,22,24,24,24,25,SPECIES_NIDORINA,SPECIES_NIDORINO,SPECIES_NIDORINA,SPECIES_NIDORINO,SPECIES_PIDGEOTTO,SPECIES_PIDGEOTTO,SPECIES_HOPPIP,SPECIES_HOPPIP,SPECIES_HOPPIP,SPECIES_HOPPIP,SPECIES_HOPPIP,SPECIES_CHANSEY,SPECIES_NIDORINA,SPECIES_NIDORINO,SPECIES_NIDORINA,SPECIES_NIDORINO,SPECIES_PIDGEOTTO,SPECIES_PIDGEOTTO,SPECIES_HOPPIP,SPECIES_HOPPIP,SPECIES_HOPPIP,SPECIES_HOPPIP,SPECIES_HOPPIP,SPECIES_CHANSEY,SPECIES_NIDORINA,SPECIES_NIDORINO,SPECIES_NIDORINA,SPECIES_NIDORINO,SPECIES_NOCTOWL,SPECIES_NOCTOWL,SPECIES_QUAGSIRE,SPECIES_QUAGSIRE,SPECIES_QUAGSIRE,SPECIES_QUAGSIRE,SPECIES_QUAGSIRE,SPECIES_CHANSEY,SPECIES_PLUSLE,SPECIES_MINUN,SPECIES_SHINX,SPECIES_SHINX,0,0,SPECIES_NONE,0,0,SPECIES_NONE,0,0,SPECIES_NONE,0,0,SPECIES_NONE,0,0,SPECIES_NONE,0,0,SPECIES_NONE,0,0,SPECIES_NONE,0,0,SPECIES_NONE,0,0,SPECIES_NONE,0,0,SPECIES_NONE,0,0,SPECIES_NONE,0,0,SPECIES_NONE,0,0,SPECIES_NONE,0,0,SPECIES_NONE,0,0,SPECIES_NONE,0,0,SPECIES_NONE,0,0,SPECIES_NONE,0,0,SPECIES_NONE,0,0,SPECIES_NONE,0,0,SPECIES_NONE,0,0,SPECIES_NONE,0,0,SPECIES_NONE,SPECIES_NIDORINA,SPECIES_NONE,SPECIES_NONE,SPECIES_NONE
R16R0301,20,0,0,0,0,0,26,27,26,27,28,28,29,29,27,30,27,30,SPECIES_GRIMER,SPECIES_FEAROW,SPECIES_GRIMER,SPECIES_FEAROW,SPECIES_GRIMER,SPECIES_GRIMER,SPECIES_FEAROW,SPECIES_FEAROW,SPECIES_SLUGMA,SPECIES_MUK,SPECIES_SLUGMA,SPECIES_MUK,SPECIES_GRIMER,SPECIES_FEAROW,SPECIES_GRIMER,SPECIES_FEAROW,SPECIES_GRIMER,SPECIES_GRIMER,SPECIES_FEAROW,SPECIES_FEAROW,SPECIES_SLUGMA,SPECIES_MUK,SPECIES_SLUGMA,SPECIES_MUK,SPECIES_GRIMER,SPECIES_GRIMER,SPECIES_GRIMER,SPECIES_GRIMER,SPECIES_GRIMER,SPECIES_GRIMER,SPECIES_MURKROW,SPECIES_MURKROW,SPECIES_SLUGMA,SPECIES_MUK,SPECIES_SLUGMA,SPECIES_MUK,SPECIES_PLUSLE,SPECIES_MINUN,SPECIES_SHINX,SPECIES_SHINX,0,0,SPECIES_NONE,0,0,SPECIES_NONE,0,0,SPECIES_NONE,0,0,SPECIES_NONE,0,0,SPECIES_NONE,0,0,SPECIES_NONE,0,0,SPECIES_NONE,0,0,SPECIES_NONE,0,0,SPECIES_NONE,0,0,SPECIES_NONE,0,0,SPECIES_NONE,0,0,SPECIES_NONE,0,0,SPECIES_NONE,0,0,SPECIES_NONE,0,0,SPECIES_NONE,0,0,SPECIES_NONE,0,0,SPECIES_NONE,0,0,SPECIES_NONE,0,0,SPECIES_NONE,0,0,SPECIES_NONE,0,0,SPECIES_NONE,0,0,SPECIES_NONE,SPECIES_GRIMER,SPECIES_NONE,SPECIES_NONE,SPECIES_NONE
R17,20,0,0,0,0,0,28,27,28,27,29,29,30,30,29,32,29,32,SPECIES_FEAROW,SPECIES_GRIMER,SPECIES_FEAROW,SPECIES_GRIMER,SPECIES_GRIMER,SPECIES_GRIMER,SPECIES_FEAROW,SPECIES_FEAROW,SPECIES_SLUGMA,SPECIES_MUK,SPECIES_SLUGMA,SPECIES_MUK,SPECIES_FEAROW,SPECIES_SLUGMA,SPECIES_FEAROW,SPECIES_SLUGMA,SPECIES_GRIMER,SPECIES_GRIMER,SPECIES_FEAROW,SPECIES_FEAROW,SPECIES_SLUGMA,SPECIES_MUK,SPECIES_SLUGMA,SPECIES_MUK,SPECIES_GRIMER,SPECIES_GRIMER,SPECIES_GRIMER,SPECIES_GRIMER,SPECIES_GRIMER,SPECIES_GRIMER,SPECIES_MUK,SPECIES_MUK,SPECIES_SLUGMA,SPECIES_MUK,SPECIES_SLUGMA,SPECIES_MUK,SPECIES_PLUSLE,SPECIES_MINUN,SPECIES_SHINX,SPECIES_SHINX,0,0,SPECIES_NONE,0,0,SPECIES_NONE,0,0,SPECIES_NONE,0,0,SPECIES_NONE,0,0,SPECIES_NONE,0,0,SPECIES_NONE,0,0,SPECIES_NONE,0,0,SPECIES_NONE,0,0,SPECIES_NONE,0,0,SPECIES_NONE,0,0,SPECIES_NONE,0,0,SPECIES_NONE,0,0,SPECIES_NONE,0,0,SPECIES_NONE,0,0,SPECIES_NONE,0,0,SPECIES_NONE,0,0,SPECIES_NONE,0,0,SPECIES_NONE,0,0,SPECIES_NONE,0,0,SPECIES_NONE,0,0,SPECIES_NONE,0,0,SPECIES_NONE,SPECIES_FEAROW,SPECIES_NONE,SPECIES_NONE,SPECIES_NONE
R18,20,0,0,0,0,0,26,27,26,27,28,28,29,29,27,30,27,30,SPECIES_GRIMER,SPECIES_FEAROW,SPECIES_GRIMER,SPECIES_FEAROW,SPECIES_GRIMER,SPECIES_GRIMER,SPECIES_FEAROW,SPECIES_FEAROW,SPECIES_SLUGMA,SPECIES_MUK,SPECIES_SLUGMA,SPECIES_MUK,SPECIES_GRIMER,SPECIES_FEAROW,SPECIES_GRIMER,SPECIES_FEAROW,SPECIES_GRIMER,SPECIES_GRIMER,SPECIES_FEAROW,SPECIES_FEAROW,SPECIES_SLUGMA,SPECIES_MUK,SPECIES_SLUGMA,SPECIES_MUK,SPECIES_GRIMER,SPECIES_GRIMER,SPECIES_GRIMER,SPECIES_GRIMER,SPECIES_GRIMER,SPECIES_GRIMER,SPECIES_MUK,SPECIES_MUK,SPECIES_SLUGMA,SPECIES_MUK,SPECIES_SLUGMA,SPECIES_MUK,SPECIES_PLUSLE,SPECIES_MINUN,SPECIES_SHINX,SPECIES_SHINX,0,0,SPECIES_NONE,0,0,SPECIES_NONE,0,0,SPECIES_NONE,0,0,SPECIES_NONE,0,0,SPECIES_NONE,0,0,SPECIES_NONE,0,0,SPECIES_NONE,0,0,SPECIES_NONE,0,0,SPECIES_NONE,0,0,SPECIES_NONE,0,0,SPECIES_NONE,0,0,SPECIES_NONE,0,0,SPECIES_NONE,0,0,SPECIES_NONE,0,0,SPECIES_NONE,0,0,SPECIES_NONE,0,0,SPECIES_NONE,0,0,SPECIES_NONE,0,0,SPECIES_NONE,0,0,SPECIES_NONE,0,0,SPECIES_NONE,0,0,SPECIES_NONE,SPECIES_GRIMER,SPECIES_NONE,SPECIES_NONE,SPECIES_NONE
W21,20,10,0,25,50,75,30,25,30,25,35,35,20,20,30,28,30,28,SPECIES_TANGELA,SPECIES_TANGELA,SPECIES_TANGELA,SPECIES_TANGELA,SPECIES_TANGELA,SPECIES_TANGELA,SPECIES_TANGELA,SPECIES_TANGELA,SPECIES_TANGELA,SPECIES_MR_MIME,SPECIES_TANGELA,SPECIES_MR_MIME,SPECIES_TANGELA,SPECIES_TANGELA,SPECIES_TANGELA,SPECIES_TANGELA,SPECIES_TANGELA,SPECIES_TANGELA,SPECIES_TANGELA,SPECIES_TANGELA,SPECIES_MR_MIME,SPECIES_MR_MIME,SPECIES_MR_MIME,SPECIES_MR_MIME,SPECIES_TANGELA,SPECIES_TANGELA,SPECIES_TANGELA,SPECIES_TANGELA,SPECIES_TANGELA,SPECIES_TANGELA,SPECIES_TANGELA,SPECIES_TANGELA,SPECIES_TANGELA,SPECIES_MR_MIME,SPECIES_TANGELA,SPECIES_MR_MIME,SPECIES_WHISMUR,SPECIES_LINOONE,SPECIES_BUIZEL,SPECIES_BIDOOF,35,35,SPECIES_TENTACOOL,30,30,SPECIES_TENTACOOL,35,35,SPECIES_TENTACRUEL,35,35,SPECIES_TENTACRUEL,35,35,SPECIES_TENTACRUEL,0,0,SPECIES_NONE,0,0,SPECIES_NONE,10,10,SPECIES_MAGIKARP,10,10,SPECIES_MAGIKARP,10,10,SPECIES_MAGIKARP,10,10,SPECIES_TENTACOOL,10,10,SPECIES_TENTACOOL,20,20,SPECIES_MAGIKARP,20,20,SPECIES_TENTACOOL,20,20,SPECIES_CHINCHOU,20,20,SPECIES_SHELLDER,20,20,SPECIES_CHINCHOU,40,40,SPECIES_CHINCHOU,40,40,SPECIES_SHELLDER,40,40,SPECIES_TENTACRUEL,40,40,SPECIES_LANTURN,40,40,SPECIES_TENTACRUEL,SPECIES_TANGELA,SPECIES_TENTACOOL,SPECIES_SHELLDER,SPECIES_MAGIKARP
R22,20,10,0,25,50,75,3,3,3,3,5,5,4,4,6,7,6,7,SPECIES_RATTATA,SPECIES_SPEAROW,SPECIES_RATTATA,SPECIES_SPEAROW,SPECIES_SPEAROW,SPECIES_SPEAROW,SPECIES_DODUO,SPECIES_DODUO,SPECIES_PONYTA,SPECIES_FEAROW,SPECIES_PONYTA,SPECIES_FEAROW,SPECIES_RATTATA,SPECIES_SPEAROW,SPECIES_RATTATA,SPECIES_SPEAROW,SPECIES_SPEAROW,SPECIES_SPEAROW,SPECIES_DODUO,SPECIES_DODUO,SPECIES_PONYTA,SPECIES_FEAROW,SPECIES_PONYTA,SPECIES_FEAROW,SPECIES_RATTATA,SPECIES_RATTATA,SPECIES_RATTATA,SPECIES_RATTATA,SPECIES_RATTATA,SPECIES_RATTATA,SPECIES_RATTATA,SPECIES_RATTATA,SPECIES_PONYTA,SPECIES_RATTATA,SPECIES_PONYTA,SPECIES_RATTATA,SPECIES_WHISMUR,SPECIES_LINOONE,SPECIES_BUIZEL,SPECIES_BIDOOF,10,10,SPECIES_POLIWAG,5,5,SPECIES_POLIWAG,10,10,SPECIES_POLIWHIRL,10,10,SPECIES_POLIWHIRL,10,10,SPECIES_POLIWHIRL,0,0,SPECIES_NONE,0,0,SPECIES_NONE,10,10,SPECIES_MAGIKARP,10,10,SPECIES_MAGIKARP,10,10,SPECIES_MAGIKARP,10,10,SPECIES_POLIWAG,10,10,SPECIES_POLIWAG,20,20,SPECIES_MAGIKARP,20,20,SPECIES_POLIWAG,20,20,SPECIES_POLIWAG,20,20,SPECIES_POLIWAG,20,20,SPECIES_POLIWAG,40,40,SPECIES_POLIWAG,40,40,SPECIES_POLIWAG,40,40,SPECIES_MAGIKARP,40,40,SPECIES_POLIWAG,40,40,SPECIES_MAGIKARP,SPECIES_RATTATA,SPECIES_POLIWAG,SPECIES_POLIWAG,SPECIES_MAGIKARP
R24,20,10,0,25,50,75,8,10,8,10,9,9,12,12,8,14,8,14,SPECIES_BELLSPROUT,SPECIES_BELLSPROUT,SPECIES_BELLSPROUT,SPECIES_BELLSPROUT,SPECIES_ABRA,SPECIES_ABRA,SPECIES_WEEPINBELL,SPECIES_WEEPINBELL,SPECIES_VENONAT,SPECIES_WEEPINBELL,SPECIES_VENONAT,SPECIES_WEEPINBELL,SPECIES_BELLSPROUT,SPECIES_SUNKERN,SPECIES_BELLSPROUT,SPECIES_SUNKERN,SPECIES_ABRA,SPECIES_ABRA,SPECIES_WEEPINBELL,SPECIES_WEEPINBELL,SPECIES_BELLSPROUT,SPECIES_WEEPINBELL,SPECIES_BELLSPROUT,SPECIES_WEEPINBELL,SPECIES_VENONAT,SPECIES_ODDISH,SPECIES_VENONAT,SPECIES_ODDISH,SPECIES_ABRA,SPECIES_ABRA,SPECIES_WEEPINBELL,SPECIES_WEEPINBELL,SPECIES_BELLSPROUT,SPECIES_VENOMOTH,SPECIES_BELLSPROUT,SPECIES_VENOMOTH,SPECIES_WHISMUR,SPECIES_LINOONE,SPECIES_BUIZEL,SPECIES_BIDOOF,10,10,SPECIES_GOLDEEN,5,5,SPECIES_GOLDEEN,10,10,SPECIES_SEAKING,10,10,SPECIES_SEAKING,10,10,SPECIES_SEAKING,0,0,SPECIES_NONE,0,0,SPECIES_NONE,10,10,SPECIES_MAGIKARP,10,10,SPECIES_MAGIKARP,10,10,SPECIES_MAGIKARP,10,10,SPECIES_GOLDEEN,10,10,SPECIES_GOLDEEN,20,20,SPECIES_MAGIKARP,20,20,SPECIES_GOLDEEN,20,20,SPECIES_GOLDEEN,20,20,SPECIES_GOLDEEN,20,20,SPECIES_GOLDEEN,40,40,SPECIES_GOLDEEN,40,40,SPECIES_GOLDEEN,40,40,SPECIES_MAGIKARP,40,40,SPECIES_SEAKING,40,40,SPECIES_MAGIKARP,SPECIES_BELLSPROUT,SPECIES_GOLDEEN,SPECIES_GOLDEEN,SPECIES_MAGIKARP
R25,20,10,0,25,50,75,8,10,8,10,8,8,9,9,10,14,10,14,SPECIES_PIDGEY,SPECIES_BELLSPROUT,SPECIES_PIDGEY,SPECIES_BELLSPROUT,SPECIES_VENONAT,SPECIES_VENONAT,SPECIES_ABRA,SPECIES_ABRA,SPECIES_PIDGEOTTO,SPECIES_WEEPINBELL,SPECIES_PIDGEOTTO,SPECIES_WEEPINBELL,SPECIES_PIDGEY,SPECIES_BELLSPROUT,SPECIES_PIDGEY,SPECIES_BELLSPROUT,SPECIES_PIDGEY,SPECIES_PIDGEY,SPECIES_ABRA,SPECIES_ABRA,SPECIES_PIDGEOTTO,SPECIES_WEEPINBELL,SPECIES_PIDGEOTTO,SPECIES_WEEPINBELL,SPECIES_VENONAT,SPECIES_ODDISH,SPECIES_VENONAT,SPECIES_ODDISH,SPECIES_VENOMOTH,SPECIES_VENOMOTH,SPECIES_ABRA,SPECIES_ABRA,SPECIES_WEEPINBELL,SPECIES_BELLSPROUT,SPECIES_WEEPINBELL,SPECIES_BELLSPROUT,SPECIES_WHISMUR,SPECIES_LINOONE,SPECIES_BUIZEL,SPECIES_BIDOOF,10,10,SPECIES_GOLDEEN,5,5,SPECIES_GOLDEEN,10,10,SPECIES_SEAKING,10,10,SPECIES_SEAKING,10,10,SPECIES_SEAKING,0,0,SPECIES_NONE,0,0,SPECIES_NONE,10,10,SPECIES_MAGIKARP,10,10,SPECIES_MAGIKARP,10,10,SPECIES_MAGIKARP,10,10,SPECIES_GOLDEEN,10,10,SPECIES_GOLDEEN,20,20,SPECIES_MAGIKARP,20,20,SPECIES_GOLDEEN,20,20,SPECIES_GOLDEEN,20,20,SPECIES_GOLDEEN,20,20,SPECIES_GOLDEEN,40,40,SPECIES_GOLDEEN,40,40,SPECIES_GOLDEEN,40,40,SPECIES_MAGIKARP,40,40,SPECIES_SEAKING,40,40,SPECIES_MAGIKARP,SPECIES_BUNEARY,SPECIES_GOLDEEN,SPECIES_GOLDEEN,SPECIES_MAGIKARP
D45R0101,15,10,0,25,50,75,22,22,22,22,22,22,21,21,20,23,20,23,SPECIES_ZUBAT,SPECIES_RATICATE,SPECIES_ZUBAT,SPECIES_RATICATE,SPECIES_GOLBAT,SPECIES_GOLBAT,SPECIES_SLOWPOKE,SPECIES_SLOWPOKE,SPECIES_RATTATA,SPECIES_SLOWPOKE,SPECIES_RATTATA,SPECIES_SLOWPOKE,SPECIES_ZUBAT,SPECIES_RATICATE,SPECIES_ZUBAT,SPECIES_RATICATE,SPECIES_GOLBAT,SPECIES_GOLBAT,SPECIES_SLOWPOKE,SPECIES_SLOWPOKE,SPECIES_RATTATA,SPECIES_SLOWPOKE,SPECIES_RATTATA,SPECIES_SLOWPOKE,SPECIES_ZUBAT,SPECIES_RATICATE,SPECIES_ZUBAT,SPECIES_RATICATE,SPECIES_GOLBAT,SPECIES_GOLBAT,SPECIES_SLOWPOKE,SPECIES_SLOWPOKE,SPECIES_RATTATA,SPECIES_SLOWPOKE,SPECIES_RATTATA,SPECIES_SLOWPOKE,SPECIES_ABSOL,SPECIES_MAKUHITA,SPECIES_BRONZOR,SPECIES_CHINGLING,20,20,SPECIES_GOLDEEN,20,20,SPECIES_SLOWPOKE,20,20,SPECIES_SEAKING,20,20,SPECIES_SEAKING,20,20,SPECIES_SEAKING,0,0,SPECIES_NONE,0,0,SPECIES_NONE,10,10,SPECIES_MAGIKARP,10,10,SPECIES_MAGIKARP,10,10,SPECIES_MAGIKARP,10,10,SPECIES_GOLDEEN,10,10,SPECIES_GOLDEEN,20,20,SPECIES_MAGIKARP,20,20,SPECIES_GOLDEEN,20,20,SPECIES_GOLDEEN,20,20,SPECIES_GOLDEEN,20,20,SPECIES_GOLDEEN,40,40,SPECIES_GOLDEEN,40,40,SPECIES_GOLDEEN,40,40,SPECIES_MAGIKARP,40,40,SPECIES_SEAKING,40,40,SPECIES_MAGIKARP,SPECIES_ZUBAT,SPECIES_GOLDEEN,SPECIES_GOLDEEN,SPECIES_MAGIKARP
D01R0101,10,0,0,0,0,0,15,17,15,17,19,19,13,13,19,24,19,29,SPECIES_DIGLETT,SPECIES_DIGLETT,SPECIES_DIGLETT,SPECIES_DIGLETT,SPECIES_DIGLETT,SPECIES_DIGLETT,SPECIES_DIGLETT,SPECIES_DIGLETT,SPECIES_DUGTRIO,SPECIES_DUGTRIO,SPECIES_DUGTRIO,SPECIES_DUGTRIO,SPECIES_DIGLETT,SPECIES_DIGLETT,SPECIES_DIGLETT,SPECIES_DIGLETT,SPECIES_DIGLETT,SPECIES_DIGLETT,SPECIES_DIGLETT,SPECIES_DIGLETT,SPECIES_DUGTRIO,SPECIES_DUGTRIO,SPECIES_DUGTRIO,SPECIES_DUGTRIO,SPECIES_DIGLETT,SPECIES_DIGLETT,SPECIES_DIGLETT,SPECIES_DIGLETT,SPECIES_DIGLETT,SPECIES_DIGLETT,SPECIES_DIGLETT,SPECIES_DIGLETT,SPECIES_DUGTRIO,SPECIES_DUGTRIO,SPECIES_DUGTRIO,SPECIES_DUGTRIO,SPECIES_ABSOL,SPECIES_MAKUHITA,SPECIES_BRONZOR,SPECIES_CHINGLING,0,0,SPECIES_NONE,0,0,SPECIES_NONE,0,0,SPECIES_NONE,0,0,SPECIES_NONE,0,0,SPECIES_NONE,0,0,SPECIES_NONE,0,0,SPECIES_NONE,0,0,SPECIES_NONE,0,0,SPECIES_NONE,0,0,SPECIES_NONE,0,0,SPECIES_NONE,0,0,SPECIES_NONE,0,0,SPECIES_NONE,0,0,SPECIES_NONE,0,0,SPECIES_NONE,0,0,SPECIES_NONE,0,0,SPECIES_NONE,0,0,SPECIES_NONE,0,0,SPECIES_NONE,0,0,SPECIES_NONE,0,0,SPECIES_NONE,0,0,SPECIES_NONE,SPECIES_DIGLETT,SPECIES_NONE,SPECIES_NONE,SPECIES_NONE
D43R0102,10,0,0,0,0,0,32,32,32,32,33,33,34,34,36,35,36,35,SPECIES_GRAVELER,SPECIES_GOLBAT,SPECIES_GRAVELER,SPECIES_GOLBAT,SPECIES_DONPHAN,SPECIES_DONPHAN,SPECIES_ONIX,SPECIES_ONIX,SPECIES_ONIX,SPECIES_RHYHORN,SPECIES_ONIX,SPECIES_RHYHORN,SPECIES_GRAVELER,SPECIES_GOLBAT,SPECIES_GRAVELER,SPECIES_GOLBAT,SPECIES_DONPHAN,SPECIES_DONPHAN,SPECIES_ONIX,SPECIES_ONIX,SPECIES_ONIX,SPECIES_RHYHORN,SPECIES_ONIX,SPECIES_RHYHORN,SPECIES_GRAVELER,SPECIES_GOLBAT,SPECIES_GRAVELER,SPECIES_GOLBAT,SPECIES_DONPHAN,SPECIES_DONPHAN,SPECIES_ONIX,SPECIES_ONIX,SPECIES_ONIX,SPECIES_RHYHORN,SPECIES_ONIX,SPECIES_RHYHORN,SPECIES_ABSOL,SPECIES_MAKUHITA,SPECIES_BRONZOR,SPECIES_CHINGLING,0,0,SPECIES_NONE,0,0,SPECIES_NONE,0,0,SPECIES_NONE,0,0,SPECIES_NONE,0,0,SPECIES_NONE,0,0,SPECIES_NONE,0,0,SPECIES_NONE,0,0,SPECIES_NONE,0,0,SPECIES_NONE,0,0,SPECIES_NONE,0,0,SPECIES_NONE,0,0,SPECIES_NONE,0,0,SPECIES_NONE,0,0,SPECIES_NONE,0,0,SPECIES_NONE,0,0,SPECIES_NONE,0,0,SPECIES_NONE,0,0,SPECIES_NONE,0,0,SPECIES_NONE,0,0,SPECIES_NONE,0,0,SPECIES_NONE,0,0,SPECIES_NONE,SPECIES_GRAVELER,SPECIES_NONE,SPECIES_NONE,SPECIES_NONE
D43R0103,10,0,40,0,0,0,32,32,32,32,33,33,34,34,36,35,36,35,SPECIES_GRAVELER,SPECIES_GOLBAT,SPECIES_GRAVELER,SPECIES_GOLBAT,SPECIES_DONPHAN,SPECIES_DONPHAN,SPECIES_ONIX,SPECIES_ONIX,SPECIES_ONIX,SPECIES_RHYHORN,SPECIES_ONIX,SPECIES_RHYHORN,SPECIES_GRAVELER,SPECIES_GOLBAT,SPECIES_GRAVELER,SPECIES_GOLBAT,SPECIES_DONPHAN,SPECIES_DONPHAN,SPECIES_ONIX,SPECIES_ONIX,SPECIES_ONIX,SPECIES_RHYHORN,SPECIES_ONIX,SPECIES_RHYHORN,SPECIES_GRAVELER,SPECIES_GOLBAT,SPECIES_GRAVELER,SPECIES_GOLBAT,SPECIES_DONPHAN,SPECIES_DONPHAN,SPECIES_ONIX,SPECIES_ONIX,SPECIES_ONIX,SPECIES_RHYHORN,SPECIES_ONIX,SPECIES_RHYHORN,SPECIES_ABSOL,SPECIES_MAKUHITA,SPECIES_BRONZOR,SPECIES_CHINGLING,0,0,SPECIES_NONE,0,0,SPECIES_NONE,0,0,SPECIES_NONE,0,0,SPECIES_NONE,0,0,SPECIES_NONE,24,32,SPECIES_GEODUDE,30,33,SPECIES_GRAVELER,0,0,SPECIES_NONE,0,0,SPECIES_NONE,0,0,SPECIES_NONE,0,0,SPECIES_NONE,0,0,SPECIES_NONE,0,0,SPECIES_NONE,0,0,SPECIES_NONE,0,0,SPECIES_NONE,0,0,SPECIES_NONE,0,0,SPECIES_NONE,0,0,SPECIES_NONE,0,0,SPECIES_NONE,0,0,SPECIES_NONE,0,0,SPECIES_NONE,0,0,SPECIES_NONE,SPECIES_GRAVELER,SPECIES_NONE,SPECIES_NONE,SPECIES_NONE
R02R0101,20,0,0,0,0,0,3,3,3,3,5,5,7,8,7,10,7,4,SPECIES_CATERPIE,SPECIES_PIDGEY,SPECIES_CATERPIE,SPECIES_PIDGEY,SPECIES_METAPOD,SPECIES_METAPOD,SPECIES_BUTTERFREE,SPECIES_BUTTERFREE,SPECIES_PIDGEOTTO,SPECIES_SPINARAK,SPECIES_PIDGEOTTO,SPECIES_CATERPIE,SPECIES_CATERPIE,SPECIES_PIDGEY,SPECIES_CATERPIE,SPECIES_PIDGEY,SPECIES_PIDGEY,SPECIES_PIDGEY,SPECIES_BUTTERFREE,SPECIES_BUTTERFREE,SPECIES_PIDGEOTTO,SPECIES_PIDGEOTTO,SPECIES_PIDGEOTTO,SPECIES_CATERPIE,SPECIES_HOOTHOOT,SPECIES_SPINARAK,SPECIES_HOOTHOOT,SPECIES_SPINARAK,SPECIES_HOOTHOOT,SPECIES_HOOTHOOT,SPECIES_NOCTOWL,SPECIES_NOCTOWL,SPECIES_ARIADOS,SPECIES_NOCTOWL,SPECIES_ARIADOS,SPECIES_SPINARAK,SPECIES_PLUSLE,SPECIES_MINUN,SPECIES_SHINX,SPECIES_SHINX,0,0,SPECIES_NONE,0,0,SPECIES_NONE,0,0,SPECIES_NONE,0,0,SPECIES_NONE,0,0,SPECIES_NONE,0,0,SPECIES_NONE,0,0,SPECIES_NONE,0,0,SPECIES_NONE,0,0,SPECIES_NONE,0,0,SPECIES_NONE,0,0,SPECIES_NONE,0,0,SPECIES_NONE,0,0,SPECIES_NONE,0,0,SPECIES_NONE,0,0,SPECIES_NONE,0,0,SPECIES_NONE,0,0,SPECIES_NONE,0,0,SPECIES_NONE,0,0,SPECIES_NONE,0,0,SPECIES_NONE,0,0,SPECIES_NONE,0,0,SPECIES_NONE,SPECIES_CATERPIE,SPECIES_NONE,SPECIES_NONE,SPECIES_NONE
D46R0101,15,0,0,0,0,0,3,3,3,3,5,5,7,7,7,4,7,4,SPECIES_CATERPIE,SPECIES_CATERPIE,SPECIES_METAPOD,SPECIES_PIDGEY,SPECIES_METAPOD,SPECIES_METAPOD,SPECIES_BUTTERFREE,SPECIES_BUTTERFREE,SPECIES_PIDGEOTTO,SPECIES_PIKACHU,SPECIES_PIKACHU,SPECIES_PIKACHU,SPECIES_CATERPIE,SPECIES_CATERPIE,SPECIES_METAPOD,SPECIES_PIDGEY,SPECIES_METAPOD,SPECIES_METAPOD,SPECIES_PIDGEY,SPECIES_PIDGEOTTO,SPECIES_PIDGEOTTO,SPECIES_PIKACHU,SPECIES_PIKACHU,SPECIES_PIKACHU,SPECIES_HOOTHOOT,SPECIES_HOOTHOOT,SPECIES_HOOTHOOT,SPECIES_HOOTHOOT,SPECIES_HOOTHOOT,SPECIES_HOOTHOOT,SPECIES_NOCTOWL,SPECIES_NOCTOWL,SPECIES_NOCTOWL,SPECIES_PIKACHU,SPECIES_NOCTOWL,SPECIES_PIKACHU,SPECIES_SPOINK,SPECIES_NUMEL,SPECIES_BUDEW,SPECIES_CARNIVINE,0,0,SPECIES_NONE,0,0,SPECIES_NONE,0,0,SPECIES_NONE,0,0,SPECIES_NONE,0,0,SPECIES_NONE,0,0,SPECIES_NONE,0,0,SPECIES_NONE,0,0,SPECIES_NONE,0,0,SPECIES_NONE,0,0,SPECIES_NONE,0,0,SPECIES_NONE,0,0,SPECIES_NONE,0,0,SPECIES_NONE,0,0,SPECIES_NONE,0,0,SPECIES_NONE,0,0,SPECIES_NONE,0,0,SPECIES_NONE,0,0,SPECIES_NONE,0,0,SPECIES_NONE,0,0,SPECIES_NONE,0,0,SPECIES_NONE,0,0,SPECIES_NONE,SPECIES_KRICKETOT,SPECIES_NONE,SPECIES_NONE,SPECIES_NONE
UNUSED_138,0,0,0,0,0,0,0,0,0,0,0,0,0,0,0,0,0,0,SPECIES_NONE,SPECIES_NONE,SPECIES_NONE,SPECIES_NONE,SPECIES_NONE,SPECIES_NONE,SPECIES_NONE,SPECIES_NONE,SPECIES_NONE,SPECIES_NONE,SPECIES_NONE,SPECIES_NONE,SPECIES_NONE,SPECIES_NONE,SPECIES_NONE,SPECIES_NONE,SPECIES_NONE,SPECIES_NONE,SPECIES_NONE,SPECIES_NONE,SPECIES_NONE,SPECIES_NONE,SPECIES_NONE,SPECIES_NONE,SPECIES_NONE,SPECIES_NONE,SPECIES_NONE,SPECIES_NONE,SPECIES_NONE,SPECIES_NONE,SPECIES_NONE,SPECIES_NONE,SPECIES_NONE,SPECIES_NONE,SPECIES_NONE,SPECIES_NONE,SPECIES_NONE,SPECIES_NONE,SPECIES_NONE,SPECIES_NONE,0,0,SPECIES_NONE,0,0,SPECIES_NONE,0,0,SPECIES_NONE,0,0,SPECIES_NONE,0,0,SPECIES_NONE,0,0,SPECIES_NONE,0,0,SPECIES_NONE,0,0,SPECIES_NONE,0,0,SPECIES_NONE,0,0,SPECIES_NONE,0,0,SPECIES_NONE,0,0,SPECIES_NONE,0,0,SPECIES_NONE,0,0,SPECIES_NONE,0,0,SPECIES_NONE,0,0,SPECIES_NONE,0,0,SPECIES_NONE,0,0,SPECIES_NONE,0,0,SPECIES_NONE,0,0,SPECIES_NONE,0,0,SPECIES_NONE,0,0,SPECIES_NONE,SPECIES_NONE,SPECIES_NONE,SPECIES_NONE,SPECIES_NONE
D03R0101,10,10,5,25,50,75,39,38,38,38,40,39,40,37,39,40,39,40,SPECIES_MACHOKE,SPECIES_PARASECT,SPECIES_GOLBAT,SPECIES_PRIMEAPE,SPECIES_MAGNETON,SPECIES_DITTO,SPECIES_ELECTRODE,SPECIES_WOBBUFFET,SPECIES_PRIMEAPE,SPECIES_MACHOKE,SPECIES_MAGNETON,SPECIES_DITTO,SPECIES_MACHOKE,SPECIES_PARASECT,SPECIES_GOLBAT,SPECIES_PRIMEAPE,SPECIES_MAGNETON,SPECIES_DITTO,SPECIES_ELECTRODE,SPECIES_WOBBUFFET,SPECIES_PRIMEAPE,SPECIES_MACHOKE,SPECIES_MAGNETON,SPECIES_DITTO,SPECIES_GOLBAT,SPECIES_GOLBAT,SPECIES_GOLBAT,SPECIES_PARASECT,SPECIES_MAGNETON,SPECIES_DITTO,SPECIES_ELECTRODE,SPECIES_WOBBUFFET,SPECIES_PRIMEAPE,SPECIES_MACHOKE,SPECIES_MACHOKE,SPECIES_MACHOKE,SPECIES_ABSOL,SPECIES_MAKUHITA,SPECIES_BRONZOR,SPECIES_CHINGLING,40,40,SPECIES_PSYDUCK,35,35,SPECIES_PSYDUCK,40,40,SPECIES_GOLDUCK,40,40,SPECIES_GOLDUCK,40,40,SPECIES_GOLDUCK,22,24,SPECIES_GEODUDE,26,30,SPECIES_GRAVELER,10,10,SPECIES_MAGIKARP,10,10,SPECIES_MAGIKARP,10,10,SPECIES_MAGIKARP,10,10,SPECIES_MAGIKARP,10,10,SPECIES_MAGIKARP,20,20,SPECIES_POLIWAG,20,20,SPECIES_GOLDEEN,20,20,SPECIES_MAGIKARP,20,20,SPECIES_GOLDEEN,20,20,SPECIES_POLIWAG,40,40,SPECIES_POLIWAG,40,40,SPECIES_POLIWHIRL,40,40,SPECIES_GYARADOS,40,40,SPECIES_GYARADOS,40,40,SPECIES_GYARADOS,SPECIES_GOLBAT,SPECIES_POLIWAG,SPECIES_POLIWAG,SPECIES_MAGIKARP
D03R0102,10,10,0,25,50,75,42,40,41,39,41,42,41,42,41,42,41,42,SPECIES_KADABRA,SPECIES_PARASECT,SPECIES_GOLBAT,SPECIES_MACHOKE,SPECIES_MAGNETON,SPECIES_DITTO,SPECIES_ELECTRODE,SPECIES_WOBBUFFET,SPECIES_MACHOKE,SPECIES_MACHOKE,SPECIES_MACHOKE,SPECIES_MACHOKE,SPECIES_KADABRA,SPECIES_PARASECT,SPECIES_GOLBAT,SPECIES_MACHOKE,SPECIES_MAGNETON,SPECIES_DITTO,SPECIES_ELECTRODE,SPECIES_WOBBUFFET,SPECIES_MACHOKE,SPECIES_MACHOKE,SPECIES_MACHOKE,SPECIES_MACHOKE,SPECIES_KADABRA,SPECIES_PARASECT,SPECIES_GOLBAT,SPECIES_MACHOKE,SPECIES_MAGNETON,SPECIES_DITTO,SPECIES_ELECTRODE,SPECIES_WOBBUFFET,SPECIES_GOLBAT,SPECIES_GOLBAT,SPECIES_GOLBAT,SPECIES_GOLBAT,SPECIES_ABSOL,SPECIES_MAKUHITA,SPECIES_BRONZOR,SPECIES_CHINGLING,40,40,SPECIES_PSYDUCK,35,35,SPECIES_PSYDUCK,40,40,SPECIES_GOLDUCK,40,40,SPECIES_GOLDUCK,40,40,SPECIES_GOLDUCK,0,0,SPECIES_NONE,0,0,SPECIES_NONE,10,10,SPECIES_MAGIKARP,10,10,SPECIES_MAGIKARP,10,10,SPECIES_MAGIKARP,10,10,SPECIES_MAGIKARP,10,10,SPECIES_MAGIKARP,20,20,SPECIES_POLIWAG,20,20,SPECIES_GOLDEEN,20,20,SPECIES_MAGIKARP,20,20,SPECIES_GOLDEEN,20,20,SPECIES_POLIWAG,40,40,SPECIES_POLIWAG,40,40,SPECIES_POLIWHIRL,40,40,SPECIES_GYARADOS,40,40,SPECIES_GYARADOS,40,40,SPECIES_GYARADOS,SPECIES_KADABRA,SPECIES_POLIWAG,SPECIES_POLIWAG,SPECIES_MAGIKARP
D03R0103,10,10,5,25,50,75,46,45,47,45,45,45,46,47,47,49,47,49,SPECIES_KADABRA,SPECIES_PARASECT,SPECIES_GOLBAT,SPECIES_MACHOKE,SPECIES_MAGNETON,SPECIES_DITTO,SPECIES_ELECTRODE,SPECIES_MAGNETON,SPECIES_PARASECT,SPECIES_WOBBUFFET,SPECIES_PARASECT,SPECIES_WOBBUFFET,SPECIES_KADABRA,SPECIES_PARASECT,SPECIES_GOLBAT,SPECIES_MACHOKE,SPECIES_MAGNETON,SPECIES_DITTO,SPECIES_ELECTRODE,SPECIES_MAGNETON,SPECIES_PARASECT,SPECIES_WOBBUFFET,SPECIES_PARASECT,SPECIES_WOBBUFFET,SPECIES_KADABRA,SPECIES_PARASECT,SPECIES_GOLBAT,SPECIES_MACHOKE,SPECIES_MAGNETON,SPECIES_DITTO,SPECIES_ELECTRODE,SPECIES_MAGNETON,SPECIES_PARASECT,SPECIES_WOBBUFFET,SPECIES_PARASECT,SPECIES_WOBBUFFET,SPECIES_ABSOL,SPECIES_MAKUHITA,SPECIES_BRONZOR,SPECIES_CHINGLING,40,40,SPECIES_PSYDUCK,35,35,SPECIES_PSYDUCK,40,40,SPECIES_GOLDUCK,40,40,SPECIES_GOLDUCK,40,40,SPECIES_GOLDUCK,22,24,SPECIES_GEODUDE,26,30,SPECIES_GRAVELER,10,10,SPECIES_MAGIKARP,10,10,SPECIES_MAGIKARP,10,10,SPECIES_MAGIKARP,10,10,SPECIES_MAGIKARP,10,10,SPECIES_MAGIKARP,20,20,SPECIES_POLIWAG,20,20,SPECIES_GOLDEEN,20,20,SPECIES_MAGIKARP,20,20,SPECIES_GOLDEEN,20,20,SPECIES_POLIWAG,40,40,SPECIES_POLIWAG,40,40,SPECIES_POLIWHIRL,40,40,SPECIES_GYARADOS,40,40,SPECIES_GYARADOS,40,40,SPECIES_GYARADOS,SPECIES_KADABRA,SPECIES_POLIWAG,SPECIES_POLIWAG,SPECIES_MAGIKARP
APOCSIN_ACUITY_LAKEFRONT,30,0,0,0,0,0,33,32,33,32,35,34,34,32,35,35,35,35,SPECIES_SNOVER,SPECIES_SWINUB,SPECIES_SNEASEL,SPECIES_SNOVER,SPECIES_SNEASEL,SPECIES_SWINUB,SPECIES_SNOVER,SPECIES_SWINUB,SPECIES_SNEASEL,SPECIES_SNOVER,SPECIES_SNEASEL,SPECIES_SNOVER,SPECIES_SNOVER,SPECIES_SWINUB,SPECIES_SNEASEL,SPECIES_SNOVER,SPECIES_SNEASEL,SPECIES_SWINUB,SPECIES_SNOVER,SPECIES_SWINUB,SPECIES_SNEASEL,SPECIES_SNOVER,SPECIES_SNEASEL,SPECIES_SNOVER,SPECIES_SNOVER,SPECIES_SWINUB,SPECIES_SNORUNT,SPECIES_SNORUNT,SPECIES_SNEASEL,SPECIES_SWINUB,SPECIES_SNOVER,SPECIES_SWINUB,SPECIES_SNEASEL,SPECIES_SNOVER,SPECIES_SNEASEL,SPECIES_SNOVER,SPECIES_SNEASEL,SPECIES_SNEASEL,SPECIES_SNEASEL,SPECIES_SWINUB,0,0,SPECIES_NONE,0,0,SPECIES_NONE,0,0,SPECIES_NONE,0,0,SPECIES_NONE,0,0,SPECIES_NONE,0,0,SPECIES_NONE,0,0,SPECIES_NONE,0,0,SPECIES_NONE,0,0,SPECIES_NONE,0,0,SPECIES_NONE,0,0,SPECIES_NONE,0,0,SPECIES_NONE,0,0,SPECIES_NONE,0,0,SPECIES_NONE,0,0,SPECIES_NONE,0,0,SPECIES_NONE,0,0,SPECIES_NONE,0,0,SPECIES_NONE,0,0,SPECIES_NONE,0,0,SPECIES_NONE,0,0,SPECIES_NONE,0,0,SPECIES_NONE,SPECIES_SNOVER,SPECIES_SWINUB,SPECIES_SNOVER,SPECIES_SNOVER
APOCSIN_STARK_MOUNTAIN_OUTSIDE,10,0,0,0,0,0,53,54,51,51,53,52,53,53,51,52,51,52,SPECIES_CAMERUPT,SPECIES_RHYDON,SPECIES_FEAROW,SPECIES_GRAVELER,SPECIES_FEAROW,SPECIES_WEEZING,SPECIES_SKARMORY,SPECIES_GRAVELER,SPECIES_NUMEL,SPECIES_RHYHORN,SPECIES_NUMEL,SPECIES_RHYHORN,SPECIES_CAMERUPT,SPECIES_RHYDON,SPECIES_FEAROW,SPECIES_GRAVELER,SPECIES_FEAROW,SPECIES_WEEZING,SPECIES_SKARMORY,SPECIES_GRAVELER,SPECIES_NUMEL,SPECIES_RHYHORN,SPECIES_NUMEL,SPECIES_RHYHORN,SPECIES_CAMERUPT,SPECIES_RHYDON,SPECIES_GOLBAT,SPECIES_GRAVELER,SPECIES_FEAROW,SPECIES_WEEZING,SPECIES_SKARMORY,SPECIES_GRAVELER,SPECIES_NUMEL,SPECIES_RHYHORN,SPECIES_NUMEL,SPECIES_RHYHORN,SPECIES_NUMEL,SPECIES_NUMEL,SPECIES_TORKOAL,SPECIES_TORKOAL,0,0,SPECIES_NONE,0,0,SPECIES_NONE,0,0,SPECIES_NONE,0,0,SPECIES_NONE,0,0,SPECIES_NONE,0,0,SPECIES_NONE,0,0,SPECIES_NONE,0,0,SPECIES_NONE,0,0,SPECIES_NONE,0,0,SPECIES_NONE,0,0,SPECIES_NONE,0,0,SPECIES_NONE,0,0,SPECIES_NONE,0,0,SPECIES_NONE,0,0,SPECIES_NONE,0,0,SPECIES_NONE,0,0,SPECIES_NONE,0,0,SPECIES_NONE,0,0,SPECIES_NONE,0,0,SPECIES_NONE,0,0,SPECIES_NONE,0,0,SPECIES_NONE,SPECIES_CAMERUPT,SPECIES_RHYDON,SPECIES_CAMERUPT,SPECIES_CAMERUPT
APOCSIN_ROUTE_217,30,0,0,0,0,0,32,33,33,33,34,34,34,32,35,35,35,35,SPECIES_SNOVER,SPECIES_SWINUB,SPECIES_SNEASEL,SPECIES_SNOVER,SPECIES_SNEASEL,SPECIES_SWINUB,SPECIES_SNOVER,SPECIES_SWINUB,SPECIES_SNEASEL,SPECIES_SNOVER,SPECIES_SNEASEL,SPECIES_SNOVER,SPECIES_SNOVER,SPECIES_SWINUB,SPECIES_SNEASEL,SPECIES_SNOVER,SPECIES_SNEASEL,SPECIES_SWINUB,SPECIES_SNOVER,SPECIES_SWINUB,SPECIES_SNEASEL,SPECIES_SNOVER,SPECIES_SNEASEL,SPECIES_SNOVER,SPECIES_SNOVER,SPECIES_SWINUB,SPECIES_SNORUNT,SPECIES_SNORUNT,SPECIES_SNEASEL,SPECIES_SWINUB,SPECIES_SNOVER,SPECIES_SWINUB,SPECIES_SNEASEL,SPECIES_SNOVER,SPECIES_SNEASEL,SPECIES_SNOVER,SPECIES_SNEASEL,SPECIES_SNEASEL,SPECIES_PILOSWINE,SPECIES_PILOSWINE,0,0,SPECIES_NONE,0,0,SPECIES_NONE,0,0,SPECIES_NONE,0,0,SPECIES_NONE,0,0,SPECIES_NONE,0,0,SPECIES_NONE,0,0,SPECIES_NONE,0,0,SPECIES_NONE,0,0,SPECIES_NONE,0,0,SPECIES_NONE,0,0,SPECIES_NONE,0,0,SPECIES_NONE,0,0,SPECIES_NONE,0,0,SPECIES_NONE,0,0,SPECIES_NONE,0,0,SPECIES_NONE,0,0,SPECIES_NONE,0,0,SPECIES_NONE,0,0,SPECIES_NONE,0,0,SPECIES_NONE,0,0,SPECIES_NONE,0,0,SPECIES_NONE,SPECIES_DELIBIRD,SPECIES_DELIBIRD,SPECIES_SNOVER,SPECIES_SNOVER
APOCSIN_ROUTE_227,10,10,0,25,50,75,53,54,51,51,53,52,53,53,51,52,51,52,SPECIES_CAMERUPT,SPECIES_RHYDON,SPECIES_FEAROW,SPECIES_GRAVELER,SPECIES_FEAROW,SPECIES_WEEZING,SPECIES_SKARMORY,SPECIES_GRAVELER,SPECIES_NUMEL,SPECIES_RHYHORN,SPECIES_NUMEL,SPECIES_RHYHORN,SPECIES_CAMERUPT,SPECIES_RHYDON,SPECIES_FEAROW,SPECIES_GRAVELER,SPECIES_FEAROW,SPECIES_WEEZING,SPECIES_SKARMORY,SPECIES_GRAVELER,SPECIES_NUMEL,SPECIES_RHYHORN,SPECIES_NUMEL,SPECIES_RHYHORN,SPECIES_CAMERUPT,SPECIES_RHYDON,SPECIES_GOLBAT,SPECIES_GRAVELER,SPECIES_FEAROW,SPECIES_WEEZING,SPECIES_SKARMORY,SPECIES_GRAVELER,SPECIES_NUMEL,SPECIES_RHYHORN,SPECIES_NUMEL,SPECIES_RHYHORN,SPECIES_NUMEL,SPECIES_NUMEL,SPECIES_TORKOAL,SPECIES_TORKOAL,35,55,SPECIES_POLIWHIRL,35,45,SPECIES_POLIWAG,35,55,SPECIES_POLIWHIRL,35,55,SPECIES_POLIWHIRL,35,55,SPECIES_POLIWHIRL,0,0,SPECIES_NONE,0,0,SPECIES_NONE,4,6,SPECIES_MAGIKARP,3,7,SPECIES_MAGIKARP,5,10,SPECIES_MAGIKARP,5,10,SPECIES_MAGIKARP,5,15,SPECIES_MAGIKARP,15,20,SPECIES_MAGIKARP,15,20,SPECIES_BARBOACH,10,25,SPECIES_MAGIKARP,10,25,SPECIES_BARBOACH,10,25,SPECIES_BARBOACH,30,40,SPECIES_GYARADOS,30,40,SPECIES_WHISCASH,40,55,SPECIES_GYARADOS,40,55,SPECIES_WHISCASH,40,55,SPECIES_WHISCASH,SPECIES_SPINDA,SPECIES_SPINDA,SPECIES_CAMERUPT,SPECIES_CAMERUPT
APOCSIN_ROUTE_225,30,10,0,25,50,75,48,49,48,50,49,50,50,49,47,47,47,47,SPECIES_MACHOKE,SPECIES_GRAVELER,SPECIES_FEAROW,SPECIES_FEAROW,SPECIES_FEAROW,SPECIES_RATICATE,SPECIES_MACHOKE,SPECIES_RATICATE,SPECIES_SPEAROW,SPECIES_RATTATA,SPECIES_SPEAROW,SPECIES_RATTATA,SPECIES_MACHOKE,SPECIES_GRAVELER,SPECIES_FEAROW,SPECIES_FEAROW,SPECIES_FEAROW,SPECIES_RATICATE,SPECIES_MACHOKE,SPECIES_RATICATE,SPECIES_SPEAROW,SPECIES_RATTATA,SPECIES_SPEAROW,SPECIES_RATTATA,SPECIES_MACHOKE,SPECIES_GRAVELER,SPECIES_BANETTE,SPECIES_BANETTE,SPECIES_FEAROW,SPECIES_RATICATE,SPECIES_MACHOKE,SPECIES_RATICATE,SPECIES_SPEAROW,SPECIES_RATTATA,SPECIES_SPEAROW,SPECIES_RATTATA,SPECIES_SPEAROW,SPECIES_SPEAROW,SPECIES_PRIMEAPE,SPECIES_PRIMEAPE,35,55,SPECIES_GOLDUCK,35,55,SPECIES_GOLDUCK,35,45,SPECIES_PSYDUCK,35,45,SPECIES_PSYDUCK,35,45,SPECIES_PSYDUCK,0,0,SPECIES_NONE,0,0,SPECIES_NONE,4,6,SPECIES_MAGIKARP,3,7,SPECIES_MAGIKARP,5,10,SPECIES_MAGIKARP,5,10,SPECIES_MAGIKARP,5,15,SPECIES_MAGIKARP,15,20,SPECIES_MAGIKARP,15,20,SPECIES_BARBOACH,10,25,SPECIES_MAGIKARP,10,25,SPECIES_BARBOACH,10,25,SPECIES_BARBOACH,30,40,SPECIES_GYARADOS,30,40,SPECIES_WHISCASH,40,55,SPECIES_GYARADOS,40,55,SPECIES_WHISCASH,40,55,SPECIES_WHISCASH,SPECIES_MAKUHITA,SPECIES_MAKUHITA,SPECIES_MACHOKE,SPECIES_MACHOKE
APOCSIN_ROUTE_226,30,10,0,25,50,75,48,49,48,50,49,50,50,49,47,47,47,47,SPECIES_MACHOKE,SPECIES_GRAVELER,SPECIES_FEAROW,SPECIES_FEAROW,SPECIES_WINGULL,SPECIES_RATICATE,SPECIES_MACHOKE,SPECIES_RATICATE,SPECIES_WINGULL,SPECIES_RATTATA,SPECIES_WINGULL,SPECIES_RATTATA,SPECIES_MACHOKE,SPECIES_GRAVELER,SPECIES_FEAROW,SPECIES_FEAROW,SPECIES_WINGULL,SPECIES_RATICATE,SPECIES_MACHOKE,SPECIES_RATICATE,SPECIES_WINGULL,SPECIES_RATTATA,SPECIES_WINGULL,SPECIES_RATTATA,SPECIES_MACHOKE,SPECIES_GRAVELER,SPECIES_BANETTE,SPECIES_BANETTE,SPECIES_WINGULL,SPECIES_RATICATE,SPECIES_MACHOKE,SPECIES_RATICATE,SPECIES_WINGULL,SPECIES_RATTATA,SPECIES_WINGULL,SPECIES_RATTATA,SPECIES_WINGULL,SPECIES_WINGULL,SPECIES_PRIMEAPE,SPECIES_PRIMEAPE,35,45,SPECIES_WINGULL,35,55,SPECIES_PELIPPER,35,55,SPECIES_TENTACRUEL,35,55,SPECIES_TENTACRUEL,35,55,SPECIES_TENTACRUEL,0,0,SPECIES_NONE,0,0,SPECIES_NONE,4,6,SPECIES_MAGIKARP,3,7,SPECIES_MAGIKARP,5,10,SPECIES_MAGIKARP,5,10,SPECIES_MAGIKARP,5,15,SPECIES_MAGIKARP,15,20,SPECIES_MAGIKARP,15,20,SPECIES_HORSEA,10,25,SPECIES_MAGIKARP,10,25,SPECIES_HORSEA,10,25,SPECIES_HORSEA,30,55,SPECIES_GYARADOS,30,40,SPECIES_SEADRA,20,50,SPECIES_RELICANTH,40,55,SPECIES_SEADRA,40,55,SPECIES_SEADRA,SPECIES_KRABBY,SPECIES_KRABBY,SPECIES_MACHOKE,SPECIES_MACHOKE
APOCSIN_ROUTE_228,10,10,0,25,50,75,51,52,50,50,52,51,52,50,49,50,49,50,SPECIES_DUGTRIO,SPECIES_CACTURNE,SPECIES_HIPPOWDON,SPECIES_RHYDON,SPECIES_RHYDON,SPECIES_HIPPOWDON,SPECIES_DUGTRIO,SPECIES_DUGTRIO,SPECIES_DIGLETT,SPECIES_CACNEA,SPECIES_DIGLETT,SPECIES_CACNEA,SPECIES_DUGTRIO,SPECIES_CACTURNE,SPECIES_HIPPOWDON,SPECIES_RHYDON,SPECIES_RHYDON,SPECIES_HIPPOWDON,SPECIES_DUGTRIO,SPECIES_DUGTRIO,SPECIES_DIGLETT,SPECIES_CACNEA,SPECIES_DIGLETT,SPECIES_CACNEA,SPECIES_DUGTRIO,SPECIES_CACTURNE,SPECIES_CACTURNE,SPECIES_CACTURNE,SPECIES_RHYDON,SPECIES_HIPPOWDON,SPECIES_DUGTRIO,SPECIES_DUGTRIO,SPECIES_DIGLETT,SPECIES_CACNEA,SPECIES_DIGLETT,SPECIES_CACNEA,SPECIES_DIGLETT,SPECIES_DIGLETT,SPECIES_RHYDON,SPECIES_HIPPOWDON,35,55,SPECIES_POLIWHIRL,35,45,SPECIES_POLIWAG,35,55,SPECIES_POLIWHIRL,35,55,SPECIES_POLIWHIRL,35,55,SPECIES_POLIWHIRL,0,0,SPECIES_NONE,0,0,SPECIES_NONE,4,6,SPECIES_MAGIKARP,3,7,SPECIES_MAGIKARP,5,10,SPECIES_MAGIKARP,5,10,SPECIES_MAGIKARP,5,15,SPECIES_MAGIKARP,15,20,SPECIES_MAGIKARP,15,20,SPECIES_BARBOACH,10,25,SPECIES_MAGIKARP,25,35,SPECIES_WHISCASH,25,35,SPECIES_WHISCASH,30,40,SPECIES_GYARADOS,30,40,SPECIES_WHISCASH,40,55,SPECIES_GYARADOS,40,55,SPECIES_WHISCASH,40,55,SPECIES_WHISCASH,SPECIES_BELDUM,SPECIES_BELDUM,SPECIES_DUGTRIO,SPECIES_DUGTRIO
APOCSIN_ROUTE_216,30,0,0,0,0,0,32,33,32,33,33,34,34,35,35,35,35,35,SPECIES_SNOVER,SPECIES_SNEASEL,SPECIES_MEDITITE,SPECIES_SNOVER,SPECIES_MEDITITE,SPECIES_SNEASEL,SPECIES_SNOVER,SPECIES_SNEASEL,SPECIES_GRAVELER,SPECIES_SNOVER,SPECIES_GRAVELER,SPECIES_SNOVER,SPECIES_SNOVER,SPECIES_SNEASEL,SPECIES_MEDITITE,SPECIES_SNOVER,SPECIES_MEDITITE,SPECIES_SNEASEL,SPECIES_SNOVER,SPECIES_SNEASEL,SPECIES_GRAVELER,SPECIES_SNOVER,SPECIES_GRAVELER,SPECIES_SNOVER,SPECIES_SNOVER,SPECIES_SNEASEL,SPECIES_ZUBAT,SPECIES_SNORUNT,SPECIES_MEDITITE,SPECIES_SNEASEL,SPECIES_SNOVER,SPECIES_SNEASEL,SPECIES_GRAVELER,SPECIES_SNOVER,SPECIES_GRAVELER,SPECIES_SNOVER,SPECIES_GRAVELER,SPECIES_GRAVELER,SPECIES_MEDITITE,SPECIES_SNEASEL,0,0,SPECIES_NONE,0,0,SPECIES_NONE,0,0,SPECIES_NONE,0,0,SPECIES_NONE,0,0,SPECIES_NONE,0,0,SPECIES_NONE,0,0,SPECIES_NONE,0,0,SPECIES_NONE,0,0,SPECIES_NONE,0,0,SPECIES_NONE,0,0,SPECIES_NONE,0,0,SPECIES_NONE,0,0,SPECIES_NONE,0,0,SPECIES_NONE,0,0,SPECIES_NONE,0,0,SPECIES_NONE,0,0,SPECIES_NONE,0,0,SPECIES_NONE,0,0,SPECIES_NONE,0,0,SPECIES_NONE,0,0,SPECIES_NONE,0,0,SPECIES_NONE,SPECIES_SNOVER,SPECIES_SNEASEL,SPECIES_SNOVER,SPECIES_SNOVER
APOCSIN_ROUTE_230,30,10,0,25,50,75,48,48,47,47,49,50,49,49,48,50,48,50,SPECIES_PELIPPER,SPECIES_FLOATZEL,SPECIES_BELLSPROUT,SPECIES_BELLSPROUT,SPECIES_ROSELIA,SPECIES_PELIPPER,SPECIES_GLOOM,SPECIES_WEEPINBELL,SPECIES_WINGULL,SPECIES_FLOATZEL,SPECIES_WINGULL,SPECIES_FLOATZEL,SPECIES_PELIPPER,SPECIES_FLOATZEL,SPECIES_BELLSPROUT,SPECIES_BELLSPROUT,SPECIES_ROSELIA,SPECIES_PELIPPER,SPECIES_GLOOM,SPECIES_WEEPINBELL,SPECIES_WINGULL,SPECIES_FLOATZEL,SPECIES_WINGULL,SPECIES_FLOATZEL,SPECIES_PELIPPER,SPECIES_FLOATZEL,SPECIES_ODDISH,SPECIES_ODDISH,SPECIES_ROSELIA,SPECIES_PELIPPER,SPECIES_GLOOM,SPECIES_WEEPINBELL,SPECIES_WINGULL,SPECIES_FLOATZEL,SPECIES_WINGULL,SPECIES_FLOATZEL,SPECIES_PELIPPER,SPECIES_PELIPPER,SPECIES_TOGEPI,SPECIES_TOGEPI,35,55,SPECIES_SEALEO,35,55,SPECIES_PELIPPER,35,55,SPECIES_TENTACRUEL,35,55,SPECIES_TENTACRUEL,35,55,SPECIES_TENTACRUEL,0,0,SPECIES_NONE,0,0,SPECIES_NONE,4,6,SPECIES_MAGIKARP,3,7,SPECIES_MAGIKARP,5,10,SPECIES_MAGIKARP,5,10,SPECIES_MAGIKARP,5,15,SPECIES_MAGIKARP,15,20,SPECIES_MAGIKARP,15,20,SPECIES_REMORAID,10,25,SPECIES_MAGIKARP,10,25,SPECIES_REMORAID,10,25,SPECIES_REMORAID,30,55,SPECIES_GYARADOS,30,40,SPECIES_WAILMER,20,50,SPECIES_OCTILLERY,40,55,SPECIES_WAILORD,40,55,SPECIES_WAILORD,SPECIES_CORSOLA,SPECIES_CORSOLA,SPECIES_PELIPPER,SPECIES_PELIPPER
APOCSIN_ROUTE_229,30,10,0,25,50,75,48,49,50,50,49,49,47,50,48,48,48,48,SPECIES_ROSELIA,SPECIES_ROSELIA,SPECIES_PIDGEY,SPECIES_PIDGEY,SPECIES_VOLBEAT,SPECIES_ILLUMISE,SPECIES_PIDGEY,SPECIES_ROSELIA,SPECIES_BEAUTIFLY,SPECIES_DUSTOX,SPECIES_BEAUTIFLY,SPECIES_DUSTOX,SPECIES_ROSELIA,SPECIES_ROSELIA,SPECIES_LEDIAN,SPECIES_LEDIAN,SPECIES_VOLBEAT,SPECIES_ILLUMISE,SPECIES_PIDGEY,SPECIES_ROSELIA,SPECIES_BEAUTIFLY,SPECIES_DUSTOX,SPECIES_BEAUTIFLY,SPECIES_DUSTOX,SPECIES_ROSELIA,SPECIES_ROSELIA,SPECIES_ARIADOS,SPECIES_ARIADOS,SPECIES_VOLBEAT,SPECIES_ILLUMISE,SPECIES_PIDGEY,SPECIES_ROSELIA,SPECIES_BEAUTIFLY,SPECIES_DUSTOX,SPECIES_BEAUTIFLY,SPECIES_DUSTOX,SPECIES_NUZLEAF,SPECIES_LOMBRE,SPECIES_VENOMOTH,SPECIES_VENOMOTH,35,45,SPECIES_SURSKIT,35,45,SPECIES_SURSKIT,35,45,SPECIES_SURSKIT,35,55,SPECIES_MASQUERAIN,35,55,SPECIES_MASQUERAIN,0,0,SPECIES_NONE,0,0,SPECIES_NONE,4,6,SPECIES_MAGIKARP,3,7,SPECIES_MAGIKARP,5,10,SPECIES_MAGIKARP,5,10,SPECIES_MAGIKARP,5,15,SPECIES_MAGIKARP,15,20,SPECIES_MAGIKARP,15,20,SPECIES_GOLDEEN,10,25,SPECIES_MAGIKARP,10,25,SPECIES_GOLDEEN,10,25,SPECIES_GOLDEEN,30,40,SPECIES_GYARADOS,30,40,SPECIES_SEAKING,40,55,SPECIES_GYARADOS,40,55,SPECIES_SEAKING,40,55,SPECIES_SEAKING,SPECIES_PINSIR,SPECIES_PINSIR,SPECIES_ROSELIA,SPECIES_ROSELIA
APOCSIN_RESORT_AREA,0,10,0,25,50,75,0,0,0,0,0,0,0,0,0,0,0,0,SPECIES_NONE,SPECIES_NONE,SPECIES_NONE,SPECIES_NONE,SPECIES_NONE,SPECIES_NONE,SPECIES_NONE,SPECIES_NONE,SPECIES_NONE,SPECIES_NONE,SPECIES_NONE,SPECIES_NONE,SPECIES_NONE,SPECIES_NONE,SPECIES_NONE,SPECIES_NONE,SPECIES_NONE,SPECIES_NONE,SPECIES_NONE,SPECIES_NONE,SPECIES_NONE,SPECIES_NONE,SPECIES_NONE,SPECIES_NONE,SPECIES_NONE,SPECIES_NONE,SPECIES_NONE,SPECIES_NONE,SPECIES_NONE,SPECIES_NONE,SPECIES_NONE,SPECIES_NONE,SPECIES_NONE,SPECIES_NONE,SPECIES_NONE,SPECIES_NONE,SPECIES_NONE,SPECIES_NONE,SPECIES_NONE,SPECIES_NONE,35,55,SPECIES_GOLDUCK,35,55,SPECIES_GOLDUCK,35,45,SPECIES_PSYDUCK,35,45,SPECIES_PSYDUCK,35,45,SPECIES_PSYDUCK,0,0,SPECIES_NONE,0,0,SPECIES_NONE,4,6,SPECIES_MAGIKARP,3,7,SPECIES_MAGIKARP,5,10,SPECIES_MAGIKARP,5,10,SPECIES_MAGIKARP,5,15,SPECIES_MAGIKARP,15,20,SPECIES_MAGIKARP,15,20,SPECIES_MAGIKARP,10,25,SPECIES_MAGIKARP,25,35,SPECIES_MAGIKARP,25,35,SPECIES_MAGIKARP,40,60,SPECIES_MAGIKARP,30,70,SPECIES_MAGIKARP,20,80,SPECIES_MAGIKARP,10,90,SPECIES_MAGIKARP,1,100,SPECIES_MAGIKARP,SPECIES_NONE,SPECIES_NONE,SPECIES_NONE,SPECIES_NONE
APOCSIN_IRON_ISLAND,0,10,0,25,50,75,0,0,0,0,0,0,0,0,0,0,0,0,SPECIES_NONE,SPECIES_NONE,SPECIES_NONE,SPECIES_NONE,SPECIES_NONE,SPECIES_NONE,SPECIES_NONE,SPECIES_NONE,SPECIES_NONE,SPECIES_NONE,SPECIES_NONE,SPECIES_NONE,SPECIES_NONE,SPECIES_NONE,SPECIES_NONE,SPECIES_NONE,SPECIES_NONE,SPECIES_NONE,SPECIES_NONE,SPECIES_NONE,SPECIES_NONE,SPECIES_NONE,SPECIES_NONE,SPECIES_NONE,SPECIES_NONE,SPECIES_NONE,SPECIES_NONE,SPECIES_NONE,SPECIES_NONE,SPECIES_NONE,SPECIES_NONE,SPECIES_NONE,SPECIES_NONE,SPECIES_NONE,SPECIES_NONE,SPECIES_NONE,SPECIES_NONE,SPECIES_NONE,SPECIES_NONE,SPECIES_NONE,20,30,SPECIES_WINGULL,20,30,SPECIES_TENTACOOL,20,40,SPECIES_PELIPPER,20,40,SPECIES_PELIPPER,20,40,SPECIES_TENTACRUEL,0,0,SPECIES_NONE,0,0,SPECIES_NONE,4,6,SPECIES_MAGIKARP,3,7,SPECIES_MAGIKARP,5,10,SPECIES_MAGIKARP,5,10,SPECIES_MAGIKARP,5,15,SPECIES_MAGIKARP,15,20,SPECIES_MAGIKARP,15,20,SPECIES_FINNEON,10,25,SPECIES_MAGIKARP,10,25,SPECIES_FINNEON,10,25,SPECIES_FINNEON,30,55,SPECIES_GYARADOS,30,40,SPECIES_LUMINEON,20,50,SPECIES_QWILFISH,40,55,SPECIES_LUMINEON,40,55,SPECIES_LUMINEON,SPECIES_NONE,SPECIES_NONE,SPECIES_NONE,SPECIES_NONE
APOCSIN_ROUTE_224,30,10,0,25,50,75,50,50,49,49,51,49,51,51,52,52,52,52,SPECIES_FLOATZEL,SPECIES_ROSELIA,SPECIES_BELLSPROUT,SPECIES_BELLSPROUT,SPECIES_PELIPPER,SPECIES_GASTRODON,SPECIES_GLOOM,SPECIES_WEEPINBELL,SPECIES_BEAUTIFLY,SPECIES_DUSTOX,SPECIES_BEAUTIFLY,SPECIES_DUSTOX,SPECIES_FLOATZEL,SPECIES_ROSELIA,SPECIES_BELLSPROUT,SPECIES_BELLSPROUT,SPECIES_PELIPPER,SPECIES_GASTRODON,SPECIES_GLOOM,SPECIES_WEEPINBELL,SPECIES_BEAUTIFLY,SPECIES_DUSTOX,SPECIES_BEAUTIFLY,SPECIES_DUSTOX,SPECIES_FLOATZEL,SPECIES_ROSELIA,SPECIES_ODDISH,SPECIES_ODDISH,SPECIES_PELIPPER,SPECIES_GASTRODON,SPECIES_GLOOM,SPECIES_WEEPINBELL,SPECIES_BEAUTIFLY,SPECIES_DUSTOX,SPECIES_BEAUTIFLY,SPECIES_DUSTOX,SPECIES_BEAUTIFLY,SPECIES_BEAUTIFLY,SPECIES_PELIPPER,SPECIES_GASTRODON,35,55,SPECIES_PELIPPER,35,55,SPECIES_TENTACRUEL,35,55,SPECIES_GASTRODON,35,55,SPECIES_GASTRODON,35,55,SPECIES_GASTRODON,0,0,SPECIES_NONE,0,0,SPECIES_NONE,4,6,SPECIES_MAGIKARP,3,7,SPECIES_MAGIKARP,5,10,SPECIES_MAGIKARP,5,10,SPECIES_MAGIKARP,5,15,SPECIES_MAGIKARP,15,20,SPECIES_MAGIKARP,15,25,SPECIES_REMORAID,10,25,SPECIES_MAGIKARP,10,25,SPECIES_REMORAID,10,25,SPECIES_REMORAID,30,55,SPECIES_GYARADOS,30,40,SPECIES_OCTILLERY,20,30,SPECIES_LUVDISC,40,55,SPECIES_OCTILLERY,40,55,SPECIES_OCTILLERY,SPECIES_NATU,SPECIES_NATU,SPECIES_FLOATZEL,SPECIES_FLOATZEL
APOCSIN_ROUTE_205_NORTH,30,10,0,25,50,75,12,12,13,12,14,14,13,14,13,14,15,15,SPECIES_BIDOOF,SPECIES_BUDEW,SPECIES_WURMPLE,SPECIES_BUDEW,SPECIES_SILCOON,SPECIES_CASCOON,SPECIES_BIDOOF,SPECIES_BIDOOF,SPECIES_BUDEW,SPECIES_BUDEW,SPECIES_BEAUTIFLY,SPECIES_DUSTOX,SPECIES_BIDOOF,SPECIES_BUDEW,SPECIES_WURMPLE,SPECIES_KRICKETOT,SPECIES_SILCOON,SPECIES_CASCOON,SPECIES_BIDOOF,SPECIES_BIDOOF,SPECIES_BUDEW,SPECIES_BUDEW,SPECIES_BEAUTIFLY,SPECIES_DUSTOX,SPECIES_BIDOOF,SPECIES_BUDEW,SPECIES_KRICKETOT,SPECIES_HOOTHOOT,SPECIES_SILCOON,SPECIES_CASCOON,SPECIES_BIDOOF,SPECIES_BIDOOF,SPECIES_BUDEW,SPECIES_BUDEW,SPECIES_BEAUTIFLY,SPECIES_DUSTOX,SPECIES_BUDEW,SPECIES_LOTAD,SPECIES_SLOWPOKE,SPECIES_SLOWPOKE,20,30,SPECIES_PSYDUCK,20,30,SPECIES_PSYDUCK,20,40,SPECIES_GOLDUCK,20,40,SPECIES_GOLDUCK,20,40,SPECIES_GOLDUCK,0,0,SPECIES_NONE,0,0,SPECIES_NONE,4,6,SPECIES_MAGIKARP,3,7,SPECIES_MAGIKARP,5,10,SPECIES_MAGIKARP,5,10,SPECIES_MAGIKARP,5,15,SPECIES_MAGIKARP,15,20,SPECIES_MAGIKARP,15,20,SPECIES_BARBOACH,10,25,SPECIES_MAGIKARP,10,25,SPECIES_BARBOACH,10,25,SPECIES_BARBOACH,30,40,SPECIES_GYARADOS,30,40,SPECIES_WHISCASH,40,55,SPECIES_GYARADOS,40,55,SPECIES_WHISCASH,40,55,SPECIES_WHISCASH,SPECIES_BIDOOF,SPECIES_BUDEW,SPECIES_BIDOOF,SPECIES_BIDOOF
APOCSIN_ETERNA_CITY,0,10,0,25,50,75,0,0,0,0,0,0,0,0,0,0,0,0,SPECIES_NONE,SPECIES_NONE,SPECIES_NONE,SPECIES_NONE,SPECIES_NONE,SPECIES_NONE,SPECIES_NONE,SPECIES_NONE,SPECIES_NONE,SPECIES_NONE,SPECIES_NONE,SPECIES_NONE,SPECIES_NONE,SPECIES_NONE,SPECIES_NONE,SPECIES_NONE,SPECIES_NONE,SPECIES_NONE,SPECIES_NONE,SPECIES_NONE,SPECIES_NONE,SPECIES_NONE,SPECIES_NONE,SPECIES_NONE,SPECIES_NONE,SPECIES_NONE,SPECIES_NONE,SPECIES_NONE,SPECIES_NONE,SPECIES_NONE,SPECIES_NONE,SPECIES_NONE,SPECIES_NONE,SPECIES_NONE,SPECIES_NONE,SPECIES_NONE,SPECIES_NONE,SPECIES_NONE,SPECIES_NONE,SPECIES_NONE,20,30,SPECIES_PSYDUCK,20,30,SPECIES_PSYDUCK,20,40,SPECIES_GOLDUCK,20,40,SPECIES_GOLDUCK,20,40,SPECIES_GOLDUCK,0,0,SPECIES_NONE,0,0,SPECIES_NONE,4,6,SPECIES_MAGIKARP,3,7,SPECIES_MAGIKARP,5,10,SPECIES_MAGIKARP,5,10,SPECIES_MAGIKARP,5,15,SPECIES_MAGIKARP,15,20,SPECIES_MAGIKARP,15,20,SPECIES_BARBOACH,10,25,SPECIES_MAGIKARP,10,25,SPECIES_BARBOACH,10,25,SPECIES_BARBOACH,30,40,SPECIES_GYARADOS,30,40,SPECIES_WHISCASH,40,55,SPECIES_GYARADOS,40,55,SPECIES_WHISCASH,40,55,SPECIES_WHISCASH,SPECIES_NONE,SPECIES_NONE,SPECIES_NONE,SPECIES_NONE
APOCSIN_ROUTE_211_WEST,30,0,0,0,0,0,13,14,14,15,14,14,16,14,15,16,15,16,SPECIES_MEDITITE,SPECIES_BIDOOF,SPECIES_MEDITITE,SPECIES_MEDITITE,SPECIES_CHINGLING,SPECIES_MACHOP,SPECIES_CHINGLING,SPECIES_BRONZOR,SPECIES_MACHOP,SPECIES_BRONZOR,SPECIES_MACHOP,SPECIES_BRONZOR,SPECIES_MEDITITE,SPECIES_BIDOOF,SPECIES_MEDITITE,SPECIES_MEDITITE,SPECIES_CHINGLING,SPECIES_MACHOP,SPECIES_CHINGLING,SPECIES_BRONZOR,SPECIES_MACHOP,SPECIES_BRONZOR,SPECIES_MACHOP,SPECIES_BRONZOR,SPECIES_MEDITITE,SPECIES_BIDOOF,SPECIES_ZUBAT,SPECIES_HOOTHOOT,SPECIES_CHINGLING,SPECIES_MACHOP,SPECIES_CHINGLING,SPECIES_BRONZOR,SPECIES_MACHOP,SPECIES_BRONZOR,SPECIES_MACHOP,SPECIES_BRONZOR,SPECIES_MACHOP,SPECIES_MACHOP,SPECIES_TYROGUE,SPECIES_TYROGUE,0,0,SPECIES_NONE,0,0,SPECIES_NONE,0,0,SPECIES_NONE,0,0,SPECIES_NONE,0,0,SPECIES_NONE,0,0,SPECIES_NONE,0,0,SPECIES_NONE,0,0,SPECIES_NONE,0,0,SPECIES_NONE,0,0,SPECIES_NONE,0,0,SPECIES_NONE,0,0,SPECIES_NONE,0,0,SPECIES_NONE,0,0,SPECIES_NONE,0,0,SPECIES_NONE,0,0,SPECIES_NONE,0,0,SPECIES_NONE,0,0,SPECIES_NONE,0,0,SPECIES_NONE,0,0,SPECIES_NONE,0,0,SPECIES_NONE,0,0,SPECIES_NONE,SPECIES_MEDITITE,SPECIES_BIDOOF,SPECIES_MEDITITE,SPECIES_MEDITITE
APOCSIN_ROUTE_211_EAST,30,0,0,0,0,0,27,28,28,29,28,29,30,29,30,29,30,29,SPECIES_MEDITITE,SPECIES_GRAVELER,SPECIES_MEDITITE,SPECIES_MEDITITE,SPECIES_CHINGLING,SPECIES_MACHOKE,SPECIES_CHINGLING,SPECIES_BRONZOR,SPECIES_MACHOKE,SPECIES_BRONZOR,SPECIES_MACHOKE,SPECIES_BRONZOR,SPECIES_MEDITITE,SPECIES_GRAVELER,SPECIES_MEDITITE,SPECIES_MEDITITE,SPECIES_CHINGLING,SPECIES_MACHOKE,SPECIES_CHINGLING,SPECIES_BRONZOR,SPECIES_MACHOKE,SPECIES_BRONZOR,SPECIES_MACHOKE,SPECIES_BRONZOR,SPECIES_MEDITITE,SPECIES_GRAVELER,SPECIES_ZUBAT,SPECIES_NOCTOWL,SPECIES_CHINGLING,SPECIES_MACHOKE,SPECIES_CHINGLING,SPECIES_BRONZOR,SPECIES_MACHOKE,SPECIES_BRONZOR,SPECIES_MACHOKE,SPECIES_BRONZOR,SPECIES_MACHOKE,SPECIES_MACHOKE,SPECIES_CHINGLING,SPECIES_MACHOKE,0,0,SPECIES_NONE,0,0,SPECIES_NONE,0,0,SPECIES_NONE,0,0,SPECIES_NONE,0,0,SPECIES_NONE,0,0,SPECIES_NONE,0,0,SPECIES_NONE,0,0,SPECIES_NONE,0,0,SPECIES_NONE,0,0,SPECIES_NONE,0,0,SPECIES_NONE,0,0,SPECIES_NONE,0,0,SPECIES_NONE,0,0,SPECIES_NONE,0,0,SPECIES_NONE,0,0,SPECIES_NONE,0,0,SPECIES_NONE,0,0,SPECIES_NONE,0,0,SPECIES_NONE,0,0,SPECIES_NONE,0,0,SPECIES_NONE,0,0,SPECIES_NONE,SPECIES_MEDITITE,SPECIES_GRAVELER,SPECIES_MEDITITE,SPECIES_MEDITITE
APOCSIN_CELESTIC_TOWN,0,10,0,25,50,75,0,0,0,0,0,0,0,0,0,0,0,0,SPECIES_NONE,SPECIES_NONE,SPECIES_NONE,SPECIES_NONE,SPECIES_NONE,SPECIES_NONE,SPECIES_NONE,SPECIES_NONE,SPECIES_NONE,SPECIES_NONE,SPECIES_NONE,SPECIES_NONE,SPECIES_NONE,SPECIES_NONE,SPECIES_NONE,SPECIES_NONE,SPECIES_NONE,SPECIES_NONE,SPECIES_NONE,SPECIES_NONE,SPECIES_NONE,SPECIES_NONE,SPECIES_NONE,SPECIES_NONE,SPECIES_NONE,SPECIES_NONE,SPECIES_NONE,SPECIES_NONE,SPECIES_NONE,SPECIES_NONE,SPECIES_NONE,SPECIES_NONE,SPECIES_NONE,SPECIES_NONE,SPECIES_NONE,SPECIES_NONE,SPECIES_NONE,SPECIES_NONE,SPECIES_NONE,SPECIES_NONE,20,30,SPECIES_PSYDUCK,20,30,SPECIES_PSYDUCK,20,40,SPECIES_GOLDUCK,20,40,SPECIES_GOLDUCK,20,40,SPECIES_GOLDUCK,0,0,SPECIES_NONE,0,0,SPECIES_NONE,4,6,SPECIES_MAGIKARP,3,7,SPECIES_MAGIKARP,5,10,SPECIES_MAGIKARP,5,10,SPECIES_MAGIKARP,5,15,SPECIES_MAGIKARP,15,20,SPECIES_MAGIKARP,15,20,SPECIES_GOLDEEN,10,25,SPECIES_MAGIKARP,25,35,SPECIES_GOLDEEN,25,35,SPECIES_GOLDEEN,30,55,SPECIES_GYARADOS,30,40,SPECIES_CORPHISH,40,55,SPECIES_CRAWDAUNT,40,55,SPECIES_SEAKING,40,55,SPECIES_SEAKING,SPECIES_NONE,SPECIES_NONE,SPECIES_NONE,SPECIES_NONE
APOCSIN_ROUTE_210_NORTH,30,10,0,25,50,75,27,28,27,27,29,28,29,29,29,30,29,30,SPECIES_SWABLU,SPECIES_BIBAREL,SPECIES_SWABLU,SPECIES_MEDITITE,SPECIES_MEDITITE,SPECIES_MACHOP,SPECIES_SCYTHER,SPECIES_MACHOKE,SPECIES_MACHOP,SPECIES_MACHOKE,SPECIES_MACHOP,SPECIES_MACHOKE,SPECIES_SWABLU,SPECIES_BIBAREL,SPECIES_SCYTHER,SPECIES_MEDITITE,SPECIES_MEDITITE,SPECIES_MACHOP,SPECIES_SCYTHER,SPECIES_MACHOKE,SPECIES_MACHOP,SPECIES_MACHOKE,SPECIES_MACHOP,SPECIES_MACHOKE,SPECIES_SWABLU,SPECIES_BIBAREL,SPECIES_NOCTOWL,SPECIES_HOOTHOOT,SPECIES_MEDITITE,SPECIES_MACHOP,SPECIES_SCYTHER,SPECIES_MACHOKE,SPECIES_MACHOP,SPECIES_MACHOKE,SPECIES_MACHOP,SPECIES_MACHOKE,SPECIES_ZANGOOSE,SPECIES_SEVIPER,SPECIES_BAGON,SPECIES_BAGON,20,30,SPECIES_PSYDUCK,20,30,SPECIES_PSYDUCK,20,40,SPECIES_GOLDUCK,20,40,SPECIES_GOLDUCK,20,40,SPECIES_GOLDUCK,0,0,SPECIES_NONE,0,0,SPECIES_NONE,4,6,SPECIES_MAGIKARP,3,7,SPECIES_MAGIKARP,5,10,SPECIES_MAGIKARP,5,10,SPECIES_MAGIKARP,5,15,SPECIES_MAGIKARP,15,20,SPECIES_MAGIKARP,15,20,SPECIES_BARBOACH,10,25,SPECIES_MAGIKARP,25,35,SPECIES_WHISCASH,25,35,SPECIES_WHISCASH,30,40,SPECIES_GYARADOS,30,40,SPECIES_WHISCASH,40,55,SPECIES_GYARADOS,40,55,SPECIES_WHISCASH,40,55,SPECIES_WHISCASH,SPECIES_SWABLU,SPECIES_BIBAREL,SPECIES_SWABLU,SPECIES_SWABLU
APOCSIN_ROUTE_210_SOUTH,30,0,0,0,0,0,19,18,21,20,20,19,19,21,21,19,21,21,SPECIES_STARAVIA,SPECIES_GEODUDE,SPECIES_PONYTA,SPECIES_PONYTA,SPECIES_ROSELIA,SPECIES_PONYTA,SPECIES_SCYTHER,SPECIES_ROSELIA,SPECIES_PONYTA,SPECIES_CHANSEY,SPECIES_PONYTA,SPECIES_CHANSEY,SPECIES_STARAVIA,SPECIES_GEODUDE,SPECIES_SCYTHER,SPECIES_PONYTA,SPECIES_ROSELIA,SPECIES_PONYTA,SPECIES_SCYTHER,SPECIES_ROSELIA,SPECIES_PONYTA,SPECIES_CHANSEY,SPECIES_PONYTA,SPECIES_CHANSEY,SPECIES_STARAVIA,SPECIES_GEODUDE,SPECIES_NOCTOWL,SPECIES_HOOTHOOT,SPECIES_ROSELIA,SPECIES_PONYTA,SPECIES_SCYTHER,SPECIES_ROSELIA,SPECIES_PONYTA,SPECIES_CHANSEY,SPECIES_PONYTA,SPECIES_CHANSEY,SPECIES_SEEDOT,SPECIES_PONYTA,SPECIES_MILTANK,SPECIES_TAUROS,0,0,SPECIES_NONE,0,0,SPECIES_NONE,0,0,SPECIES_NONE,0,0,SPECIES_NONE,0,0,SPECIES_NONE,0,0,SPECIES_NONE,0,0,SPECIES_NONE,0,0,SPECIES_NONE,0,0,SPECIES_NONE,0,0,SPECIES_NONE,0,0,SPECIES_NONE,0,0,SPECIES_NONE,0,0,SPECIES_NONE,0,0,SPECIES_NONE,0,0,SPECIES_NONE,0,0,SPECIES_NONE,0,0,SPECIES_NONE,0,0,SPECIES_NONE,0,0,SPECIES_NONE,0,0,SPECIES_NONE,0,0,SPECIES_NONE,0,0,SPECIES_NONE,SPECIES_STARAVIA,SPECIES_GEODUDE,SPECIES_STARAVIA,SPECIES_STARAVIA
APOCSIN_POKEMON_LEAGUE,0,10,0,25,50,75,0,0,0,0,0,0,0,0,0,0,0,0,SPECIES_NONE,SPECIES_NONE,SPECIES_NONE,SPECIES_NONE,SPECIES_NONE,SPECIES_NONE,SPECIES_NONE,SPECIES_NONE,SPECIES_NONE,SPECIES_NONE,SPECIES_NONE,SPECIES_NONE,SPECIES_NONE,SPECIES_NONE,SPECIES_NONE,SPECIES_NONE,SPECIES_NONE,SPECIES_NONE,SPECIES_NONE,SPECIES_NONE,SPECIES_NONE,SPECIES_NONE,SPECIES_NONE,SPECIES_NONE,SPECIES_NONE,SPECIES_NONE,SPECIES_NONE,SPECIES_NONE,SPECIES_NONE,SPECIES_NONE,SPECIES_NONE,SPECIES_NONE,SPECIES_NONE,SPECIES_NONE,SPECIES_NONE,SPECIES_NONE,SPECIES_NONE,SPECIES_NONE,SPECIES_NONE,SPECIES_NONE,30,40,SPECIES_WINGULL,30,50,SPECIES_PELIPPER,30,50,SPECIES_PELIPPER,30,50,SPECIES_TENTACRUEL,30,50,SPECIES_TENTACRUEL,0,0,SPECIES_NONE,0,0,SPECIES_NONE,4,6,SPECIES_MAGIKARP,3,7,SPECIES_MAGIKARP,5,10,SPECIES_MAGIKARP,5,10,SPECIES_MAGIKARP,5,15,SPECIES_MAGIKARP,15,20,SPECIES_MAGIKARP,15,20,SPECIES_REMORAID,10,25,SPECIES_MAGIKARP,10,25,SPECIES_REMORAID,10,25,SPECIES_REMORAID,30,55,SPECIES_GYARADOS,30,40,SPECIES_OCTILLERY,20,30,SPECIES_LUVDISC,40,55,SPECIES_OCTILLERY,40,55,SPECIES_OCTILLERY,SPECIES_NONE,SPECIES_NONE,SPECIES_NONE,SPECIES_NONE
APOCSIN_FUEGO_IRONWORKS_OUTSIDE,30,10,0,25,50,75,28,29,29,29,30,30,28,30,31,31,31,31,SPECIES_MAGMAR,SPECIES_MAGNEMITE,SPECIES_MAGMAR,SPECIES_FLOATZEL,SPECIES_FLOATZEL,SPECIES_GASTRODON,SPECIES_MAGNEMITE,SPECIES_MAGNEMITE,SPECIES_FLOATZEL,SPECIES_GASTRODON,SPECIES_FLOATZEL,SPECIES_GASTRODON,SPECIES_MAGMAR,SPECIES_MAGNEMITE,SPECIES_MAGMAR,SPECIES_FLOATZEL,SPECIES_FLOATZEL,SPECIES_GASTRODON,SPECIES_MAGNEMITE,SPECIES_MAGNEMITE,SPECIES_FLOATZEL,SPECIES_GASTRODON,SPECIES_FLOATZEL,SPECIES_GASTRODON,SPECIES_MAGMAR,SPECIES_MAGNEMITE,SPECIES_GASTRODON,SPECIES_FLOATZEL,SPECIES_FLOATZEL,SPECIES_GASTRODON,SPECIES_MAGNEMITE,SPECIES_MAGNEMITE,SPECIES_FLOATZEL,SPECIES_GASTRODON,SPECIES_FLOATZEL,SPECIES_GASTRODON,SPECIES_FLOATZEL,SPECIES_FLOATZEL,SPECIES_ARON,SPECIES_ARON,20,30,SPECIES_TENTACOOL,20,30,SPECIES_SHELLOS,20,40,SPECIES_TENTACRUEL,20,40,SPECIES_TENTACRUEL,20,40,SPECIES_GASTRODON,0,0,SPECIES_NONE,0,0,SPECIES_NONE,4,6,SPECIES_MAGIKARP,3,7,SPECIES_MAGIKARP,5,10,SPECIES_MAGIKARP,5,10,SPECIES_MAGIKARP,5,15,SPECIES_MAGIKARP,15,20,SPECIES_MAGIKARP,15,20,SPECIES_FINNEON,10,25,SPECIES_MAGIKARP,10,25,SPECIES_FINNEON,10,25,SPECIES_FINNEON,30,55,SPECIES_GYARADOS,30,40,SPECIES_LUMINEON,20,50,SPECIES_SHELLDER,40,55,SPECIES_LUMINEON,40,55,SPECIES_LUMINEON,SPECIES_MAGMAR,SPECIES_MAGNEMITE,SPECIES_MAGMAR,SPECIES_MAGMAR
APOCSIN_ROUTE_205_SOUTH,30,10,0,25,50,75,10,11,10,9,10,11,9,11,11,12,11,12,SPECIES_SHELLOS,SPECIES_SHELLOS,SPECIES_BUIZEL,SPECIES_SHELLOS,SPECIES_BIDOOF,SPECIES_SHELLOS,SPECIES_PACHIRISU,SPECIES_PACHIRISU,SPECIES_BUIZEL,SPECIES_SHELLOS,SPECIES_BUIZEL,SPECIES_SHELLOS,SPECIES_SHELLOS,SPECIES_SHELLOS,SPECIES_BUIZEL,SPECIES_SHELLOS,SPECIES_BIDOOF,SPECIES_SHELLOS,SPECIES_PACHIRISU,SPECIES_PACHIRISU,SPECIES_BUIZEL,SPECIES_SHELLOS,SPECIES_BUIZEL,SPECIES_SHELLOS,SPECIES_SHELLOS,SPECIES_SHELLOS,SPECIES_BUIZEL,SPECIES_SHELLOS,SPECIES_BIDOOF,SPECIES_SHELLOS,SPECIES_PACHIRISU,SPECIES_PACHIRISU,SPECIES_BUIZEL,SPECIES_SHELLOS,SPECIES_BUIZEL,SPECIES_SHELLOS,SPECIES_BUIZEL,SPECIES_BUIZEL,SPECIES_HOPPIP,SPECIES_HOPPIP,20,30,SPECIES_SHELLOS,20,30,SPECIES_TENTACOOL,20,40,SPECIES_GASTRODON,20,40,SPECIES_GASTRODON,20,40,SPECIES_TENTACRUEL,0,0,SPECIES_NONE,0,0,SPECIES_NONE,4,6,SPECIES_MAGIKARP,3,7,SPECIES_MAGIKARP,5,10,SPECIES_MAGIKARP,5,10,SPECIES_MAGIKARP,5,15,SPECIES_MAGIKARP,15,20,SPECIES_MAGIKARP,15,20,SPECIES_FINNEON,10,25,SPECIES_MAGIKARP,10,25,SPECIES_FINNEON,10,25,SPECIES_FINNEON,30,55,SPECIES_GYARADOS,30,40,SPECIES_LUMINEON,20,50,SPECIES_SHELLDER,40,55,SPECIES_LUMINEON,40,55,SPECIES_LUMINEON,SPECIES_SHELLOS,SPECIES_SHELLOS,SPECIES_SHELLOS,SPECIES_SHELLOS
APOCSIN_ROUTE_206,30,0,0,0,0,0,16,16,18,17,16,17,18,18,19,18,19,18,SPECIES_PONYTA,SPECIES_GEODUDE,SPECIES_GLIGAR,SPECIES_PONYTA,SPECIES_GLIGAR,SPECIES_MACHOP,SPECIES_MACHOP,SPECIES_GEODUDE,SPECIES_MACHOP,SPECIES_GEODUDE,SPECIES_MACHOP,SPECIES_GEODUDE,SPECIES_PONYTA,SPECIES_GEODUDE,SPECIES_GLIGAR,SPECIES_KRICKETUNE,SPECIES_GLIGAR,SPECIES_MACHOP,SPECIES_MACHOP,SPECIES_GEODUDE,SPECIES_MACHOP,SPECIES_GEODUDE,SPECIES_MACHOP,SPECIES_GEODUDE,SPECIES_PONYTA,SPECIES_GEODUDE,SPECIES_KRICKETUNE,SPECIES_ZUBAT,SPECIES_GLIGAR,SPECIES_MACHOP,SPECIES_MACHOP,SPECIES_GEODUDE,SPECIES_MACHOP,SPECIES_GEODUDE,SPECIES_MACHOP,SPECIES_GEODUDE,SPECIES_MACHOP,SPECIES_MACHOP,SPECIES_BALTOY,SPECIES_BALTOY,0,0,SPECIES_NONE,0,0,SPECIES_NONE,0,0,SPECIES_NONE,0,0,SPECIES_NONE,0,0,SPECIES_NONE,0,0,SPECIES_NONE,0,0,SPECIES_NONE,0,0,SPECIES_NONE,0,0,SPECIES_NONE,0,0,SPECIES_NONE,0,0,SPECIES_NONE,0,0,SPECIES_NONE,0,0,SPECIES_NONE,0,0,SPECIES_NONE,0,0,SPECIES_NONE,0,0,SPECIES_NONE,0,0,SPECIES_NONE,0,0,SPECIES_NONE,0,0,SPECIES_NONE,0,0,SPECIES_NONE,0,0,SPECIES_NONE,0,0,SPECIES_NONE,SPECIES_LARVITAR,SPECIES_LARVITAR,SPECIES_PONYTA,SPECIES_PONYTA
APOCSIN_ROUTE_215,30,0,0,0,0,0,19,20,22,21,20,19,20,21,22,22,22,22,SPECIES_STARAVIA,SPECIES_MARILL,SPECIES_STARAVIA,SPECIES_STARAVIA,SPECIES_LICKITUNG,SPECIES_ABRA,SPECIES_SCYTHER,SPECIES_KADABRA,SPECIES_MARILL,SPECIES_KADABRA,SPECIES_MARILL,SPECIES_KADABRA,SPECIES_STARAVIA,SPECIES_MARILL,SPECIES_SCYTHER,SPECIES_STARAVIA,SPECIES_LICKITUNG,SPECIES_ABRA,SPECIES_SCYTHER,SPECIES_KADABRA,SPECIES_MARILL,SPECIES_KADABRA,SPECIES_MARILL,SPECIES_KADABRA,SPECIES_STARAVIA,SPECIES_MARILL,SPECIES_MARILL,SPECIES_MARILL,SPECIES_LICKITUNG,SPECIES_ABRA,SPECIES_SCYTHER,SPECIES_KADABRA,SPECIES_MARILL,SPECIES_KADABRA,SPECIES_MARILL,SPECIES_KADABRA,SPECIES_MARILL,SPECIES_MARILL,SPECIES_LICKITUNG,SPECIES_ABRA,0,0,SPECIES_NONE,0,0,SPECIES_NONE,0,0,SPECIES_NONE,0,0,SPECIES_NONE,0,0,SPECIES_NONE,0,0,SPECIES_NONE,0,0,SPECIES_NONE,0,0,SPECIES_NONE,0,0,SPECIES_NONE,0,0,SPECIES_NONE,0,0,SPECIES_NONE,0,0,SPECIES_NONE,0,0,SPECIES_NONE,0,0,SPECIES_NONE,0,0,SPECIES_NONE,0,0,SPECIES_NONE,0,0,SPECIES_NONE,0,0,SPECIES_NONE,0,0,SPECIES_NONE,0,0,SPECIES_NONE,0,0,SPECIES_NONE,0,0,SPECIES_NONE,SPECIES_DROWZEE,SPECIES_DROWZEE,SPECIES_STARAVIA,SPECIES_STARAVIA
APOCSIN_ROUTE_223,0,10,0,25,50,75,0,0,0,0,0,0,0,0,0,0,0,0,SPECIES_NONE,SPECIES_NONE,SPECIES_NONE,SPECIES_NONE,SPECIES_NONE,SPECIES_NONE,SPECIES_NONE,SPECIES_NONE,SPECIES_NONE,SPECIES_NONE,SPECIES_NONE,SPECIES_NONE,SPECIES_NONE,SPECIES_NONE,SPECIES_NONE,SPECIES_NONE,SPECIES_NONE,SPECIES_NONE,SPECIES_NONE,SPECIES_NONE,SPECIES_NONE,SPECIES_NONE,SPECIES_NONE,SPECIES_NONE,SPECIES_NONE,SPECIES_NONE,SPECIES_NONE,SPECIES_NONE,SPECIES_NONE,SPECIES_NONE,SPECIES_NONE,SPECIES_NONE,SPECIES_NONE,SPECIES_NONE,SPECIES_NONE,SPECIES_NONE,SPECIES_NONE,SPECIES_NONE,SPECIES_NONE,SPECIES_NONE,30,50,SPECIES_TENTACRUEL,30,50,SPECIES_PELIPPER,30,40,SPECIES_MANTYKE,30,40,SPECIES_MANTYKE,30,40,SPECIES_MANTYKE,0,0,SPECIES_NONE,0,0,SPECIES_NONE,4,6,SPECIES_MAGIKARP,3,7,SPECIES_MAGIKARP,5,10,SPECIES_MAGIKARP,5,10,SPECIES_MAGIKARP,5,15,SPECIES_MAGIKARP,15,20,SPECIES_MAGIKARP,15,25,SPECIES_REMORAID,10,25,SPECIES_MAGIKARP,25,35,SPECIES_OCTILLERY,25,35,SPECIES_OCTILLERY,30,55,SPECIES_GYARADOS,30,40,SPECIES_WAILMER,20,50,SPECIES_OCTILLERY,40,55,SPECIES_WAILORD,40,55,SPECIES_WAILORD,SPECIES_NONE,SPECIES_NONE,SPECIES_NONE,SPECIES_NONE
APOCSIN_VALLEY_WINDWORKS_OUTSIDE,30,10,0,25,50,75,9,10,9,10,10,11,9,11,11,12,11,12,SPECIES_SHELLOS,SPECIES_SHINX,SPECIES_BUIZEL,SPECIES_SHELLOS,SPECIES_BUIZEL,SPECIES_SHELLOS,SPECIES_PACHIRISU,SPECIES_PACHIRISU,SPECIES_BUIZEL,SPECIES_SHELLOS,SPECIES_BUIZEL,SPECIES_SHELLOS,SPECIES_SHELLOS,SPECIES_SHINX,SPECIES_BUIZEL,SPECIES_SHELLOS,SPECIES_BUIZEL,SPECIES_SHELLOS,SPECIES_PACHIRISU,SPECIES_PACHIRISU,SPECIES_BUIZEL,SPECIES_SHELLOS,SPECIES_BUIZEL,SPECIES_SHELLOS,SPECIES_SHELLOS,SPECIES_SHINX,SPECIES_BUIZEL,SPECIES_SHELLOS,SPECIES_BUIZEL,SPECIES_SHELLOS,SPECIES_PACHIRISU,SPECIES_PACHIRISU,SPECIES_BUIZEL,SPECIES_SHELLOS,SPECIES_BUIZEL,SPECIES_SHELLOS,SPECIES_BUIZEL,SPECIES_BUIZEL,SPECIES_MAREEP,SPECIES_MAREEP,20,30,SPECIES_SHELLOS,20,30,SPECIES_TENTACOOL,20,40,SPECIES_GASTRODON,20,40,SPECIES_GASTRODON,20,40,SPECIES_TENTACRUEL,0,0,SPECIES_NONE,0,0,SPECIES_NONE,4,6,SPECIES_MAGIKARP,3,7,SPECIES_MAGIKARP,5,10,SPECIES_MAGIKARP,5,10,SPECIES_MAGIKARP,5,15,SPECIES_MAGIKARP,15,20,SPECIES_MAGIKARP,15,20,SPECIES_FINNEON,10,25,SPECIES_MAGIKARP,10,25,SPECIES_FINNEON,10,25,SPECIES_FINNEON,30,55,SPECIES_GYARADOS,30,40,SPECIES_LUMINEON,20,50,SPECIES_SHELLDER,40,55,SPECIES_LUMINEON,40,55,SPECIES_LUMINEON,SPECIES_ELECTRIKE,SPECIES_ELECTRIKE,SPECIES_SHELLOS,SPECIES_SHELLOS
APOCSIN_ROUTE_214,30,10,0,25,50,75,23,21,22,22,23,23,24,21,24,24,24,24,SPECIES_GRAVELER,SPECIES_GEODUDE,SPECIES_GRAVELER,SPECIES_RHYHORN,SPECIES_HOUNDOUR,SPECIES_RHYHORN,SPECIES_GRAVELER,SPECIES_RHYHORN,SPECIES_HOUNDOUR,SPECIES_RHYHORN,SPECIES_HOUNDOUR,SPECIES_RHYHORN,SPECIES_GRAVELER,SPECIES_GEODUDE,SPECIES_GRAVELER,SPECIES_RHYHORN,SPECIES_HOUNDOUR,SPECIES_RHYHORN,SPECIES_GRAVELER,SPECIES_RHYHORN,SPECIES_HOUNDOUR,SPECIES_RHYHORN,SPECIES_HOUNDOUR,SPECIES_RHYHORN,SPECIES_GRAVELER,SPECIES_GEODUDE,SPECIES_HOUNDOUR,SPECIES_ZUBAT,SPECIES_HOUNDOUR,SPECIES_RHYHORN,SPECIES_GRAVELER,SPECIES_RHYHORN,SPECIES_HOUNDOUR,SPECIES_RHYHORN,SPECIES_HOUNDOUR,SPECIES_RHYHORN,SPECIES_HOUNDOUR,SPECIES_HOUNDOUR,SPECIES_POOCHYENA,SPECIES_POOCHYENA,20,30,SPECIES_PSYDUCK,20,30,SPECIES_PSYDUCK,20,40,SPECIES_GOLDUCK,20,40,SPECIES_GOLDUCK,20,40,SPECIES_GOLDUCK,0,0,SPECIES_NONE,0,0,SPECIES_NONE,4,6,SPECIES_MAGIKARP,3,7,SPECIES_MAGIKARP,5,10,SPECIES_MAGIKARP,5,10,SPECIES_MAGIKARP,5,15,SPECIES_MAGIKARP,15,20,SPECIES_MAGIKARP,15,20,SPECIES_GOLDEEN,10,25,SPECIES_MAGIKARP,10,25,SPECIES_GOLDEEN,10,25,SPECIES_GOLDEEN,30,40,SPECIES_GYARADOS,30,40,SPECIES_SEAKING,40,55,SPECIES_GYARADOS,40,55,SPECIES_SEAKING,40,55,SPECIES_SEAKING,SPECIES_SPOINK,SPECIES_SPOINK,SPECIES_GRAVELER,SPECIES_GRAVELER
APOCSIN_ROUTE_204_NORTH,30,10,0,25,50,75,9,9,9,8,9,9,10,10,10,10,11,11,SPECIES_STARLY,SPECIES_BIDOOF,SPECIES_WURMPLE,SPECIES_BUDEW,SPECIES_BUDEW,SPECIES_SHINX,SPECIES_BUDEW,SPECIES_SHINX,SPECIES_STARLY,SPECIES_BIDOOF,SPECIES_STARLY,SPECIES_BIDOOF,SPECIES_STARLY,SPECIES_BIDOOF,SPECIES_WURMPLE,SPECIES_KRICKETOT,SPECIES_BUDEW,SPECIES_SHINX,SPECIES_BUDEW,SPECIES_SHINX,SPECIES_STARLY,SPECIES_BIDOOF,SPECIES_STARLY,SPECIES_BIDOOF,SPECIES_STARLY,SPECIES_BIDOOF,SPECIES_KRICKETOT,SPECIES_ZUBAT,SPECIES_BUDEW,SPECIES_SHINX,SPECIES_BUDEW,SPECIES_SHINX,SPECIES_STARLY,SPECIES_BIDOOF,SPECIES_STARLY,SPECIES_BIDOOF,SPECIES_SEEDOT,SPECIES_LOTAD,SPECIES_SUNKERN,SPECIES_SUNKERN,20,30,SPECIES_PSYDUCK,20,30,SPECIES_PSYDUCK,20,40,SPECIES_GOLDUCK,20,40,SPECIES_GOLDUCK,20,40,SPECIES_GOLDUCK,0,0,SPECIES_NONE,0,0,SPECIES_NONE,4,6,SPECIES_MAGIKARP,3,7,SPECIES_MAGIKARP,5,10,SPECIES_MAGIKARP,5,10,SPECIES_MAGIKARP,5,15,SPECIES_MAGIKARP,15,20,SPECIES_MAGIKARP,15,20,SPECIES_GOLDEEN,10,25,SPECIES_MAGIKARP,10,25,SPECIES_GOLDEEN,10,25,SPECIES_GOLDEEN,30,40,SPECIES_GYARADOS,30,40,SPECIES_SEAKING,40,55,SPECIES_GYARADOS,40,55,SPECIES_SEAKING,40,55,SPECIES_SEAKING,SPECIES_STARLY,SPECIES_BIDOOF,SPECIES_STARLY,SPECIES_STARLY
APOCSIN_ROUTE_209,30,10,0,25,50,75,19,18,19,17,18,19,18,20,19,17,19,19,SPECIES_ROSELIA,SPECIES_BIBAREL,SPECIES_STARAVIA,SPECIES_RALTS,SPECIES_STARAVIA,SPECIES_BIBAREL,SPECIES_RALTS,SPECIES_ROSELIA,SPECIES_RALTS,SPECIES_CHANSEY,SPECIES_RALTS,SPECIES_CHANSEY,SPECIES_ROSELIA,SPECIES_BIBAREL,SPECIES_STARAVIA,SPECIES_RALTS,SPECIES_STARAVIA,SPECIES_BIBAREL,SPECIES_RALTS,SPECIES_ROSELIA,SPECIES_RALTS,SPECIES_CHANSEY,SPECIES_RALTS,SPECIES_CHANSEY,SPECIES_ROSELIA,SPECIES_BIBAREL,SPECIES_ZUBAT,SPECIES_DUSKULL,SPECIES_STARAVIA,SPECIES_BIBAREL,SPECIES_RALTS,SPECIES_ROSELIA,SPECIES_RALTS,SPECIES_CHANSEY,SPECIES_RALTS,SPECIES_CHANSEY,SPECIES_RALTS,SPECIES_RALTS,SPECIES_KIRLIA,SPECIES_KIRLIA,20,30,SPECIES_PSYDUCK,20,30,SPECIES_PSYDUCK,20,40,SPECIES_GOLDUCK,20,40,SPECIES_GOLDUCK,20,40,SPECIES_GOLDUCK,0,0,SPECIES_NONE,0,0,SPECIES_NONE,4,6,SPECIES_MAGIKARP,3,7,SPECIES_MAGIKARP,5,10,SPECIES_MAGIKARP,5,10,SPECIES_MAGIKARP,5,15,SPECIES_MAGIKARP,15,20,SPECIES_MAGIKARP,15,20,SPECIES_GOLDEEN,10,25,SPECIES_MAGIKARP,10,25,SPECIES_GOLDEEN,10,25,SPECIES_GOLDEEN,30,40,SPECIES_GYARADOS,30,40,SPECIES_SEAKING,40,55,SPECIES_GYARADOS,40,55,SPECIES_SEAKING,40,55,SPECIES_SEAKING,SPECIES_SNUBBULL,SPECIES_SNUBBULL,SPECIES_ROSELIA,SPECIES_ROSELIA
APOCSIN_CANALAVE_CITY,0,10,0,25,50,75,0,0,0,0,0,0,0,0,0,0,0,0,SPECIES_NONE,SPECIES_NONE,SPECIES_NONE,SPECIES_NONE,SPECIES_NONE,SPECIES_NONE,SPECIES_NONE,SPECIES_NONE,SPECIES_NONE,SPECIES_NONE,SPECIES_NONE,SPECIES_NONE,SPECIES_NONE,SPECIES_NONE,SPECIES_NONE,SPECIES_NONE,SPECIES_NONE,SPECIES_NONE,SPECIES_NONE,SPECIES_NONE,SPECIES_NONE,SPECIES_NONE,SPECIES_NONE,SPECIES_NONE,SPECIES_NONE,SPECIES_NONE,SPECIES_NONE,SPECIES_NONE,SPECIES_NONE,SPECIES_NONE,SPECIES_NONE,SPECIES_NONE,SPECIES_NONE,SPECIES_NONE,SPECIES_NONE,SPECIES_NONE,SPECIES_NONE,SPECIES_NONE,SPECIES_NONE,SPECIES_NONE,20,30,SPECIES_TENTACOOL,20,30,SPECIES_SHELLOS,20,40,SPECIES_TENTACRUEL,20,40,SPECIES_TENTACRUEL,20,40,SPECIES_GASTRODON,0,0,SPECIES_NONE,0,0,SPECIES_NONE,4,6,SPECIES_MAGIKARP,3,7,SPECIES_MAGIKARP,5,10,SPECIES_MAGIKARP,5,10,SPECIES_MAGIKARP,5,15,SPECIES_MAGIKARP,15,20,SPECIES_MAGIKARP,15,20,SPECIES_FINNEON,10,25,SPECIES_MAGIKARP,10,25,SPECIES_FINNEON,10,25,SPECIES_FINNEON,30,55,SPECIES_GYARADOS,30,40,SPECIES_LUMINEON,20,50,SPECIES_STARYU,40,55,SPECIES_LUMINEON,40,55,SPECIES_LUMINEON,SPECIES_NONE,SPECIES_NONE,SPECIES_NONE,SPECIES_NONE
APOCSIN_ROUTE_204_SOUTH,30,10,0,25,50,75,4,4,4,3,4,4,5,5,5,5,6,6,SPECIES_STARLY,SPECIES_BIDOOF,SPECIES_WURMPLE,SPECIES_BUDEW,SPECIES_BUDEW,SPECIES_SHINX,SPECIES_BUDEW,SPECIES_SHINX,SPECIES_STARLY,SPECIES_BIDOOF,SPECIES_STARLY,SPECIES_BIDOOF,SPECIES_STARLY,SPECIES_BIDOOF,SPECIES_WURMPLE,SPECIES_KRICKETOT,SPECIES_BUDEW,SPECIES_SHINX,SPECIES_BUDEW,SPECIES_SHINX,SPECIES_STARLY,SPECIES_BIDOOF,SPECIES_STARLY,SPECIES_BIDOOF,SPECIES_STARLY,SPECIES_BIDOOF,SPECIES_KRICKETOT,SPECIES_ZUBAT,SPECIES_BUDEW,SPECIES_SHINX,SPECIES_BUDEW,SPECIES_SHINX,SPECIES_STARLY,SPECIES_BIDOOF,SPECIES_STARLY,SPECIES_BIDOOF,SPECIES_SEEDOT,SPECIES_LOTAD,SPECIES_BUDEW,SPECIES_SHINX,20,30,SPECIES_PSYDUCK,20,30,SPECIES_PSYDUCK,20,40,SPECIES_GOLDUCK,20,40,SPECIES_GOLDUCK,20,40,SPECIES_GOLDUCK,0,0,SPECIES_NONE,0,0,SPECIES_NONE,4,6,SPECIES_MAGIKARP,3,7,SPECIES_MAGIKARP,5,10,SPECIES_MAGIKARP,5,10,SPECIES_MAGIKARP,5,15,SPECIES_MAGIKARP,15,20,SPECIES_MAGIKARP,15,20,SPECIES_GOLDEEN,10,25,SPECIES_MAGIKARP,10,25,SPECIES_GOLDEEN,10,25,SPECIES_GOLDEEN,30,40,SPECIES_GYARADOS,30,40,SPECIES_SEAKING,40,55,SPECIES_GYARADOS,40,55,SPECIES_SEAKING,40,55,SPECIES_SEAKING,SPECIES_STARLY,SPECIES_BIDOOF,SPECIES_STARLY,SPECIES_STARLY
APOCSIN_ROUTE_207,30,0,0,0,0,0,7,5,6,5,5,6,8,6,7,7,7,7,SPECIES_MACHOP,SPECIES_GEODUDE,SPECIES_PONYTA,SPECIES_MACHOP,SPECIES_PONYTA,SPECIES_MACHOP,SPECIES_MACHOP,SPECIES_GEODUDE,SPECIES_PONYTA,SPECIES_GEODUDE,SPECIES_PONYTA,SPECIES_GEODUDE,SPECIES_MACHOP,SPECIES_GEODUDE,SPECIES_PONYTA,SPECIES_KRICKETOT,SPECIES_PONYTA,SPECIES_MACHOP,SPECIES_MACHOP,SPECIES_GEODUDE,SPECIES_PONYTA,SPECIES_GEODUDE,SPECIES_PONYTA,SPECIES_GEODUDE,SPECIES_MACHOP,SPECIES_GEODUDE,SPECIES_KRICKETOT,SPECIES_ZUBAT,SPECIES_PONYTA,SPECIES_MACHOP,SPECIES_MACHOP,SPECIES_GEODUDE,SPECIES_PONYTA,SPECIES_GEODUDE,SPECIES_PONYTA,SPECIES_GEODUDE,SPECIES_PONYTA,SPECIES_PONYTA,SPECIES_STANTLER,SPECIES_STANTLER,0,0,SPECIES_NONE,0,0,SPECIES_NONE,0,0,SPECIES_NONE,0,0,SPECIES_NONE,0,0,SPECIES_NONE,0,0,SPECIES_NONE,0,0,SPECIES_NONE,0,0,SPECIES_NONE,0,0,SPECIES_NONE,0,0,SPECIES_NONE,0,0,SPECIES_NONE,0,0,SPECIES_NONE,0,0,SPECIES_NONE,0,0,SPECIES_NONE,0,0,SPECIES_NONE,0,0,SPECIES_NONE,0,0,SPECIES_NONE,0,0,SPECIES_NONE,0,0,SPECIES_NONE,0,0,SPECIES_NONE,0,0,SPECIES_NONE,0,0,SPECIES_NONE,SPECIES_PHANPY,SPECIES_PHANPY,SPECIES_MACHOP,SPECIES_MACHOP
APOCSIN_ROUTE_208,30,10,0,25,50,75,18,18,19,17,19,18,18,19,20,20,20,20,SPECIES_BUDEW,SPECIES_BIDOOF,SPECIES_BUDEW,SPECIES_RALTS,SPECIES_ROSELIA,SPECIES_BIBAREL,SPECIES_RALTS,SPECIES_BIBAREL,SPECIES_ROSELIA,SPECIES_BIBAREL,SPECIES_ROSELIA,SPECIES_BIBAREL,SPECIES_BUDEW,SPECIES_BIDOOF,SPECIES_BUDEW,SPECIES_RALTS,SPECIES_ROSELIA,SPECIES_BIBAREL,SPECIES_RALTS,SPECIES_BIBAREL,SPECIES_ROSELIA,SPECIES_BIBAREL,SPECIES_ROSELIA,SPECIES_BIBAREL,SPECIES_BUDEW,SPECIES_BIDOOF,SPECIES_ZUBAT,SPECIES_RALTS,SPECIES_ROSELIA,SPECIES_BIBAREL,SPECIES_RALTS,SPECIES_BIBAREL,SPECIES_ROSELIA,SPECIES_BIBAREL,SPECIES_ROSELIA,SPECIES_BIBAREL,SPECIES_ZANGOOSE,SPECIES_SEVIPER,SPECIES_SMEARGLE,SPECIES_SMEARGLE,20,20,SPECIES_PSYDUCK,20,20,SPECIES_PSYDUCK,20,40,SPECIES_GOLDUCK,20,40,SPECIES_GOLDUCK,20,40,SPECIES_GOLDUCK,0,0,SPECIES_NONE,0,0,SPECIES_NONE,4,6,SPECIES_MAGIKARP,3,7,SPECIES_MAGIKARP,5,10,SPECIES_MAGIKARP,5,10,SPECIES_MAGIKARP,5,15,SPECIES_MAGIKARP,15,20,SPECIES_MAGIKARP,15,20,SPECIES_GOLDEEN,10,25,SPECIES_MAGIKARP,10,25,SPECIES_GOLDEEN,10,25,SPECIES_GOLDEEN,30,40,SPECIES_GYARADOS,30,40,SPECIES_SEAKING,40,55,SPECIES_GYARADOS,40,55,SPECIES_SEAKING,40,55,SPECIES_SEAKING,SPECIES_DUNSPARCE,SPECIES_DUNSPARCE,SPECIES_BUDEW,SPECIES_BUDEW
APOCSIN_ROUTE_218,30,10,0,25,50,75,28,29,28,30,29,30,30,31,31,30,31,30,SPECIES_GASTRODON,SPECIES_FLOATZEL,SPECIES_CHATOT,SPECIES_CHATOT,SPECIES_MR_MIME,SPECIES_MR_MIME,SPECIES_FLOATZEL,SPECIES_MR_MIME,SPECIES_FLOATZEL,SPECIES_GASTRODON,SPECIES_FLOATZEL,SPECIES_GASTRODON,SPECIES_GASTRODON,SPECIES_FLOATZEL,SPECIES_CHATOT,SPECIES_CHATOT,SPECIES_MR_MIME,SPECIES_MR_MIME,SPECIES_FLOATZEL,SPECIES_MR_MIME,SPECIES_FLOATZEL,SPECIES_GASTRODON,SPECIES_FLOATZEL,SPECIES_GASTRODON,SPECIES_GASTRODON,SPECIES_FLOATZEL,SPECIES_GASTRODON,SPECIES_FLOATZEL,SPECIES_MR_MIME,SPECIES_MR_MIME,SPECIES_FLOATZEL,SPECIES_MR_MIME,SPECIES_FLOATZEL,SPECIES_GASTRODON,SPECIES_FLOATZEL,SPECIES_GASTRODON,SPECIES_FLOATZEL,SPECIES_FLOATZEL,SPECIES_MR_MIME,SPECIES_MR_MIME,20,30,SPECIES_TENTACOOL,20,30,SPECIES_SHELLOS,20,40,SPECIES_TENTACRUEL,20,40,SPECIES_TENTACRUEL,20,40,SPECIES_GASTRODON,0,0,SPECIES_NONE,0,0,SPECIES_NONE,4,6,SPECIES_MAGIKARP,3,7,SPECIES_MAGIKARP,5,10,SPECIES_MAGIKARP,5,10,SPECIES_MAGIKARP,5,15,SPECIES_MAGIKARP,15,20,SPECIES_MAGIKARP,15,20,SPECIES_FINNEON,10,25,SPECIES_MAGIKARP,10,25,SPECIES_FINNEON,10,25,SPECIES_FINNEON,30,40,SPECIES_GYARADOS,30,40,SPECIES_LUMINEON,40,55,SPECIES_GYARADOS,40,55,SPECIES_LUMINEON,40,55,SPECIES_LUMINEON,SPECIES_VOLTORB,SPECIES_VOLTORB,SPECIES_GASTRODON,SPECIES_GASTRODON
APOCSIN_ROUTE_203,30,10,0,25,50,75,4,4,5,4,5,4,5,5,6,6,7,7,SPECIES_STARLY,SPECIES_SHINX,SPECIES_STARLY,SPECIES_BIDOOF,SPECIES_BIDOOF,SPECIES_ABRA,SPECIES_ABRA,SPECIES_SHINX,SPECIES_STARLY,SPECIES_BIDOOF,SPECIES_STARLY,SPECIES_BIDOOF,SPECIES_STARLY,SPECIES_SHINX,SPECIES_STARLY,SPECIES_KRICKETOT,SPECIES_BIDOOF,SPECIES_ABRA,SPECIES_ABRA,SPECIES_SHINX,SPECIES_STARLY,SPECIES_BIDOOF,SPECIES_STARLY,SPECIES_BIDOOF,SPECIES_STARLY,SPECIES_SHINX,SPECIES_KRICKETOT,SPECIES_ZUBAT,SPECIES_BIDOOF,SPECIES_ABRA,SPECIES_ABRA,SPECIES_SHINX,SPECIES_STARLY,SPECIES_BIDOOF,SPECIES_STARLY,SPECIES_BIDOOF,SPECIES_SEEDOT,SPECIES_LOTAD,SPECIES_BIDOOF,SPECIES_ABRA,20,30,SPECIES_PSYDUCK,20,30,SPECIES_PSYDUCK,20,40,SPECIES_GOLDUCK,20,40,SPECIES_GOLDUCK,20,40,SPECIES_GOLDUCK,0,0,SPECIES_NONE,0,0,SPECIES_NONE,4,6,SPECIES_MAGIKARP,3,7,SPECIES_MAGIKARP,5,10,SPECIES_MAGIKARP,5,10,SPECIES_MAGIKARP,5,15,SPECIES_MAGIKARP,15,20,SPECIES_MAGIKARP,15,20,SPECIES_GOLDEEN,10,25,SPECIES_MAGIKARP,10,25,SPECIES_GOLDEEN,10,25,SPECIES_GOLDEEN,30,40,SPECIES_GYARADOS,30,40,SPECIES_SEAKING,40,55,SPECIES_GYARADOS,40,55,SPECIES_SEAKING,40,55,SPECIES_SEAKING,SPECIES_CUBONE,SPECIES_CUBONE,SPECIES_STARLY,SPECIES_STARLY
APOCSIN_ROUTE_212_NORTH,30,10,0,25,50,75,23,21,23,22,22,21,24,24,24,23,24,23,SPECIES_ROSELIA,SPECIES_MARILL,SPECIES_STARAVIA,SPECIES_RALTS,SPECIES_ROSELIA,SPECIES_STARAVIA,SPECIES_KIRLIA,SPECIES_KIRLIA,SPECIES_ROSELIA,SPECIES_MARILL,SPECIES_ROSELIA,SPECIES_MARILL,SPECIES_ROSELIA,SPECIES_MARILL,SPECIES_STARAVIA,SPECIES_KIRLIA,SPECIES_ROSELIA,SPECIES_STARAVIA,SPECIES_KIRLIA,SPECIES_KIRLIA,SPECIES_ROSELIA,SPECIES_MARILL,SPECIES_ROSELIA,SPECIES_MARILL,SPECIES_ROSELIA,SPECIES_MARILL,SPECIES_MARILL,SPECIES_MARILL,SPECIES_ROSELIA,SPECIES_STARAVIA,SPECIES_KIRLIA,SPECIES_KIRLIA,SPECIES_ROSELIA,SPECIES_MARILL,SPECIES_ROSELIA,SPECIES_MARILL,SPECIES_ROSELIA,SPECIES_ROSELIA,SPECIES_SMEARGLE,SPECIES_SMEARGLE,20,30,SPECIES_PSYDUCK,20,30,SPECIES_PSYDUCK,20,40,SPECIES_GOLDUCK,20,40,SPECIES_GOLDUCK,20,40,SPECIES_GOLDUCK,0,0,SPECIES_NONE,0,0,SPECIES_NONE,4,6,SPECIES_MAGIKARP,3,7,SPECIES_MAGIKARP,5,10,SPECIES_MAGIKARP,5,10,SPECIES_MAGIKARP,5,15,SPECIES_MAGIKARP,15,20,SPECIES_MAGIKARP,15,20,SPECIES_GOLDEEN,10,25,SPECIES_MAGIKARP,10,25,SPECIES_GOLDEEN,10,25,SPECIES_GOLDEEN,30,40,SPECIES_GYARADOS,30,40,SPECIES_SEAKING,40,55,SPECIES_GYARADOS,40,55,SPECIES_SEAKING,40,55,SPECIES_SEAKING,SPECIES_ROSELIA,SPECIES_MARILL,SPECIES_ROSELIA,SPECIES_ROSELIA
APOCSIN_VALOR_LAKEFRONT,30,0,0,0,0,0,26,25,26,27,27,28,28,26,28,27,28,27,SPECIES_GIRAFARIG,SPECIES_BIBAREL,SPECIES_STARAVIA,SPECIES_STARAVIA,SPECIES_STARAVIA,SPECIES_HOUNDOUR,SPECIES_STARAVIA,SPECIES_BIBAREL,SPECIES_GIRAFARIG,SPECIES_BIBAREL,SPECIES_GIRAFARIG,SPECIES_BIBAREL,SPECIES_GIRAFARIG,SPECIES_BIBAREL,SPECIES_STARAVIA,SPECIES_KRICKETUNE,SPECIES_STARAVIA,SPECIES_HOUNDOUR,SPECIES_STARAVIA,SPECIES_BIBAREL,SPECIES_GIRAFARIG,SPECIES_BIBAREL,SPECIES_GIRAFARIG,SPECIES_BIBAREL,SPECIES_GIRAFARIG,SPECIES_BIBAREL,SPECIES_KRICKETUNE,SPECIES_HOUNDOUR,SPECIES_STARAVIA,SPECIES_HOUNDOUR,SPECIES_STARAVIA,SPECIES_BIBAREL,SPECIES_GIRAFARIG,SPECIES_BIBAREL,SPECIES_GIRAFARIG,SPECIES_BIBAREL,SPECIES_GIRAFARIG,SPECIES_GIRAFARIG,SPECIES_NIDORINO,SPECIES_NIDORINA,0,0,SPECIES_NONE,0,0,SPECIES_NONE,0,0,SPECIES_NONE,0,0,SPECIES_NONE,0,0,SPECIES_NONE,0,0,SPECIES_NONE,0,0,SPECIES_NONE,0,0,SPECIES_NONE,0,0,SPECIES_NONE,0,0,SPECIES_NONE,0,0,SPECIES_NONE,0,0,SPECIES_NONE,0,0,SPECIES_NONE,0,0,SPECIES_NONE,0,0,SPECIES_NONE,0,0,SPECIES_NONE,0,0,SPECIES_NONE,0,0,SPECIES_NONE,0,0,SPECIES_NONE,0,0,SPECIES_NONE,0,0,SPECIES_NONE,0,0,SPECIES_NONE,SPECIES_GIRAFARIG,SPECIES_BIBAREL,SPECIES_GIRAFARIG,SPECIES_GIRAFARIG
APOCSIN_SUNYSHORE_CITY,0,10,0,25,50,75,0,0,0,0,0,0,0,0,0,0,0,0,SPECIES_NONE,SPECIES_NONE,SPECIES_NONE,SPECIES_NONE,SPECIES_NONE,SPECIES_NONE,SPECIES_NONE,SPECIES_NONE,SPECIES_NONE,SPECIES_NONE,SPECIES_NONE,SPECIES_NONE,SPECIES_NONE,SPECIES_NONE,SPECIES_NONE,SPECIES_NONE,SPECIES_NONE,SPECIES_NONE,SPECIES_NONE,SPECIES_NONE,SPECIES_NONE,SPECIES_NONE,SPECIES_NONE,SPECIES_NONE,SPECIES_NONE,SPECIES_NONE,SPECIES_NONE,SPECIES_NONE,SPECIES_NONE,SPECIES_NONE,SPECIES_NONE,SPECIES_NONE,SPECIES_NONE,SPECIES_NONE,SPECIES_NONE,SPECIES_NONE,SPECIES_NONE,SPECIES_NONE,SPECIES_NONE,SPECIES_NONE,30,40,SPECIES_TENTACOOL,30,40,SPECIES_WINGULL,30,50,SPECIES_TENTACRUEL,30,50,SPECIES_TENTACRUEL,30,50,SPECIES_PELIPPER,0,0,SPECIES_NONE,0,0,SPECIES_NONE,4,6,SPECIES_MAGIKARP,3,7,SPECIES_MAGIKARP,5,10,SPECIES_MAGIKARP,5,10,SPECIES_MAGIKARP,5,15,SPECIES_MAGIKARP,15,20,SPECIES_MAGIKARP,15,20,SPECIES_REMORAID,10,25,SPECIES_MAGIKARP,10,25,SPECIES_REMORAID,10,25,SPECIES_REMORAID,30,55,SPECIES_GYARADOS,30,40,SPECIES_OCTILLERY,20,50,SPECIES_STARYU,40,55,SPECIES_OCTILLERY,40,55,SPECIES_OCTILLERY,SPECIES_NONE,SPECIES_NONE,SPECIES_NONE,SPECIES_NONE
APOCSIN_ROUTE_222,30,10,0,25,50,75,39,40,41,38,38,39,38,40,40,41,40,41,SPECIES_ELECTABUZZ,SPECIES_FLOATZEL,SPECIES_ELECTABUZZ,SPECIES_CHATOT,SPECIES_WINGULL,SPECIES_MAGNEMITE,SPECIES_LUXIO,SPECIES_LUXIO,SPECIES_PELIPPER,SPECIES_MAGNETON,SPECIES_PELIPPER,SPECIES_MAGNETON,SPECIES_ELECTABUZZ,SPECIES_FLOATZEL,SPECIES_ELECTABUZZ,SPECIES_CHATOT,SPECIES_WINGULL,SPECIES_MAGNEMITE,SPECIES_LUXIO,SPECIES_LUXIO,SPECIES_PELIPPER,SPECIES_MAGNETON,SPECIES_PELIPPER,SPECIES_MAGNETON,SPECIES_ELECTABUZZ,SPECIES_FLOATZEL,SPECIES_FLOATZEL,SPECIES_FLOATZEL,SPECIES_WINGULL,SPECIES_MAGNEMITE,SPECIES_LUXIO,SPECIES_LUXIO,SPECIES_PELIPPER,SPECIES_MAGNETON,SPECIES_PELIPPER,SPECIES_MAGNETON,SPECIES_PELIPPER,SPECIES_PELIPPER,SPECIES_FLAAFFY,SPECIES_FLAAFFY,30,40,SPECIES_TENTACOOL,30,40,SPECIES_WINGULL,30,50,SPECIES_TENTACRUEL,30,50,SPECIES_TENTACRUEL,30,50,SPECIES_PELIPPER,0,0,SPECIES_NONE,0,0,SPECIES_NONE,4,6,SPECIES_MAGIKARP,3,7,SPECIES_MAGIKARP,5,10,SPECIES_MAGIKARP,5,10,SPECIES_MAGIKARP,5,15,SPECIES_MAGIKARP,15,20,SPECIES_MAGIKARP,15,20,SPECIES_REMORAID,10,25,SPECIES_MAGIKARP,10,25,SPECIES_REMORAID,10,25,SPECIES_REMORAID,30,40,SPECIES_GYARADOS,30,40,SPECIES_OCTILLERY,40,55,SPECIES_GYARADOS,40,55,SPECIES_OCTILLERY,40,55,SPECIES_OCTILLERY,SPECIES_SKITTY,SPECIES_SKITTY,SPECIES_ELECTABUZZ,SPECIES_ELECTABUZZ
APOCSIN_ROUTE_202,30,0,0,0,0,0,3,3,4,3,4,3,4,4,2,2,2,2,SPECIES_SHINX,SPECIES_BIDOOF,SPECIES_STARLY,SPECIES_BIDOOF,SPECIES_SHINX,SPECIES_BIDOOF,SPECIES_STARLY,SPECIES_BIDOOF,SPECIES_STARLY,SPECIES_BIDOOF,SPECIES_STARLY,SPECIES_BIDOOF,SPECIES_SHINX,SPECIES_BIDOOF,SPECIES_STARLY,SPECIES_KRICKETOT,SPECIES_SHINX,SPECIES_BIDOOF,SPECIES_STARLY,SPECIES_BIDOOF,SPECIES_STARLY,SPECIES_BIDOOF,SPECIES_STARLY,SPECIES_BIDOOF,SPECIES_SHINX,SPECIES_BIDOOF,SPECIES_KRICKETOT,SPECIES_BIDOOF,SPECIES_SHINX,SPECIES_BIDOOF,SPECIES_STARLY,SPECIES_BIDOOF,SPECIES_STARLY,SPECIES_BIDOOF,SPECIES_STARLY,SPECIES_BIDOOF,SPECIES_STARLY,SPECIES_STARLY,SPECIES_SENTRET,SPECIES_SENTRET,0,0,SPECIES_NONE,0,0,SPECIES_NONE,0,0,SPECIES_NONE,0,0,SPECIES_NONE,0,0,SPECIES_NONE,0,0,SPECIES_NONE,0,0,SPECIES_NONE,0,0,SPECIES_NONE,0,0,SPECIES_NONE,0,0,SPECIES_NONE,0,0,SPECIES_NONE,0,0,SPECIES_NONE,0,0,SPECIES_NONE,0,0,SPECIES_NONE,0,0,SPECIES_NONE,0,0,SPECIES_NONE,0,0,SPECIES_NONE,0,0,SPECIES_NONE,0,0,SPECIES_NONE,0,0,SPECIES_NONE,0,0,SPECIES_NONE,0,0,SPECIES_NONE,SPECIES_ZIGZAGOON,SPECIES_ZIGZAGOON,SPECIES_SHINX,SPECIES_SHINX
APOCSIN_PASTORIA_CITY,0,10,0,25,50,75,0,0,0,0,0,0,0,0,0,0,0,0,SPECIES_NONE,SPECIES_NONE,SPECIES_NONE,SPECIES_NONE,SPECIES_NONE,SPECIES_NONE,SPECIES_NONE,SPECIES_NONE,SPECIES_NONE,SPECIES_NONE,SPECIES_NONE,SPECIES_NONE,SPECIES_NONE,SPECIES_NONE,SPECIES_NONE,SPECIES_NONE,SPECIES_NONE,SPECIES_NONE,SPECIES_NONE,SPECIES_NONE,SPECIES_NONE,SPECIES_NONE,SPECIES_NONE,SPECIES_NONE,SPECIES_NONE,SPECIES_NONE,SPECIES_NONE,SPECIES_NONE,SPECIES_NONE,SPECIES_NONE,SPECIES_NONE,SPECIES_NONE,SPECIES_NONE,SPECIES_NONE,SPECIES_NONE,SPECIES_NONE,SPECIES_NONE,SPECIES_NONE,SPECIES_NONE,SPECIES_NONE,20,30,SPECIES_TENTACOOL,20,30,SPECIES_SHELLOS,20,40,SPECIES_TENTACRUEL,20,30,SPECIES_WINGULL,20,40,SPECIES_GASTRODON,0,0,SPECIES_NONE,0,0,SPECIES_NONE,4,6,SPECIES_MAGIKARP,3,7,SPECIES_MAGIKARP,5,10,SPECIES_MAGIKARP,5,10,SPECIES_MAGIKARP,5,15,SPECIES_MAGIKARP,15,20,SPECIES_MAGIKARP,15,20,SPECIES_REMORAID,10,25,SPECIES_MAGIKARP,10,25,SPECIES_REMORAID,10,25,SPECIES_REMORAID,30,40,SPECIES_GYARADOS,30,40,SPECIES_OCTILLERY,40,55,SPECIES_GYARADOS,40,55,SPECIES_OCTILLERY,40,55,SPECIES_OCTILLERY,SPECIES_NONE,SPECIES_NONE,SPECIES_NONE,SPECIES_NONE
APOCSIN_ROUTE_213,30,10,0,25,50,75,24,23,23,25,25,25,24,26,25,26,25,26,SPECIES_SHELLOS,SPECIES_BUIZEL,SPECIES_CHATOT,SPECIES_CHATOT,SPECIES_WINGULL,SPECIES_SHELLOS,SPECIES_WINGULL,SPECIES_WINGULL,SPECIES_BUIZEL,SPECIES_SHELLOS,SPECIES_BUIZEL,SPECIES_SHELLOS,SPECIES_SHELLOS,SPECIES_BUIZEL,SPECIES_CHATOT,SPECIES_CHATOT,SPECIES_WINGULL,SPECIES_SHELLOS,SPECIES_WINGULL,SPECIES_WINGULL,SPECIES_BUIZEL,SPECIES_SHELLOS,SPECIES_BUIZEL,SPECIES_SHELLOS,SPECIES_SHELLOS,SPECIES_BUIZEL,SPECIES_SHELLOS,SPECIES_BUIZEL,SPECIES_WINGULL,SPECIES_SHELLOS,SPECIES_WINGULL,SPECIES_WINGULL,SPECIES_BUIZEL,SPECIES_SHELLOS,SPECIES_BUIZEL,SPECIES_SHELLOS,SPECIES_BUIZEL,SPECIES_BUIZEL,SPECIES_SWELLOW,SPECIES_SWELLOW,20,30,SPECIES_TENTACOOL,20,30,SPECIES_WINGULL,20,40,SPECIES_TENTACRUEL,20,30,SPECIES_SHELLOS,20,40,SPECIES_GASTRODON,0,0,SPECIES_NONE,0,0,SPECIES_NONE,4,6,SPECIES_MAGIKARP,3,7,SPECIES_MAGIKARP,5,10,SPECIES_MAGIKARP,5,10,SPECIES_MAGIKARP,5,15,SPECIES_MAGIKARP,15,20,SPECIES_MAGIKARP,15,20,SPECIES_REMORAID,10,25,SPECIES_MAGIKARP,10,25,SPECIES_REMORAID,10,25,SPECIES_REMORAID,30,40,SPECIES_GYARADOS,30,40,SPECIES_OCTILLERY,40,55,SPECIES_GYARADOS,40,55,SPECIES_OCTILLERY,40,55,SPECIES_OCTILLERY,SPECIES_SHELLOS,SPECIES_BUIZEL,SPECIES_SHELLOS,SPECIES_SHELLOS
APOCSIN_ROUTE_201,30,0,0,0,0,0,2,2,3,3,3,3,3,3,2,2,2,2,SPECIES_STARLY,SPECIES_BIDOOF,SPECIES_STARLY,SPECIES_BIDOOF,SPECIES_STARLY,SPECIES_BIDOOF,SPECIES_STARLY,SPECIES_BIDOOF,SPECIES_STARLY,SPECIES_BIDOOF,SPECIES_STARLY,SPECIES_BIDOOF,SPECIES_STARLY,SPECIES_BIDOOF,SPECIES_STARLY,SPECIES_KRICKETOT,SPECIES_STARLY,SPECIES_BIDOOF,SPECIES_STARLY,SPECIES_BIDOOF,SPECIES_STARLY,SPECIES_BIDOOF,SPECIES_STARLY,SPECIES_BIDOOF,SPECIES_STARLY,SPECIES_BIDOOF,SPECIES_KRICKETOT,SPECIES_BIDOOF,SPECIES_STARLY,SPECIES_BIDOOF,SPECIES_STARLY,SPECIES_BIDOOF,SPECIES_STARLY,SPECIES_BIDOOF,SPECIES_STARLY,SPECIES_BIDOOF,SPECIES_STARLY,SPECIES_STARLY,SPECIES_NIDORAN_M,SPECIES_NIDORAN_F,0,0,SPECIES_NONE,0,0,SPECIES_NONE,0,0,SPECIES_NONE,0,0,SPECIES_NONE,0,0,SPECIES_NONE,0,0,SPECIES_NONE,0,0,SPECIES_NONE,0,0,SPECIES_NONE,0,0,SPECIES_NONE,0,0,SPECIES_NONE,0,0,SPECIES_NONE,0,0,SPECIES_NONE,0,0,SPECIES_NONE,0,0,SPECIES_NONE,0,0,SPECIES_NONE,0,0,SPECIES_NONE,0,0,SPECIES_NONE,0,0,SPECIES_NONE,0,0,SPECIES_NONE,0,0,SPECIES_NONE,0,0,SPECIES_NONE,0,0,SPECIES_NONE,SPECIES_DODUO,SPECIES_DODUO,SPECIES_STARLY,SPECIES_STARLY
APOCSIN_ROUTE_212_SOUTH,30,10,0,25,50,75,23,24,25,24,26,25,24,25,23,26,23,26,SPECIES_SHELLOS,SPECIES_QUAGSIRE,SPECIES_BUIZEL,SPECIES_SHELLOS,SPECIES_QUAGSIRE,SPECIES_SHELLOS,SPECIES_CROAGUNK,SPECIES_CROAGUNK,SPECIES_BUIZEL,SPECIES_SHELLOS,SPECIES_BUIZEL,SPECIES_SHELLOS,SPECIES_SHELLOS,SPECIES_QUAGSIRE,SPECIES_BUIZEL,SPECIES_SHELLOS,SPECIES_QUAGSIRE,SPECIES_SHELLOS,SPECIES_CROAGUNK,SPECIES_CROAGUNK,SPECIES_BUIZEL,SPECIES_SHELLOS,SPECIES_BUIZEL,SPECIES_SHELLOS,SPECIES_SHELLOS,SPECIES_QUAGSIRE,SPECIES_BUIZEL,SPECIES_SHELLOS,SPECIES_QUAGSIRE,SPECIES_SHELLOS,SPECIES_CROAGUNK,SPECIES_CROAGUNK,SPECIES_BUIZEL,SPECIES_SHELLOS,SPECIES_BUIZEL,SPECIES_SHELLOS,SPECIES_BUIZEL,SPECIES_LOMBRE,SPECIES_GRIMER,SPECIES_GRIMER,20,30,SPECIES_SHELLOS,20,30,SPECIES_TENTACOOL,20,40,SPECIES_GASTRODON,20,40,SPECIES_GASTRODON,20,40,SPECIES_TENTACRUEL,0,0,SPECIES_NONE,0,0,SPECIES_NONE,4,6,SPECIES_MAGIKARP,3,7,SPECIES_MAGIKARP,5,10,SPECIES_MAGIKARP,5,10,SPECIES_MAGIKARP,5,15,SPECIES_MAGIKARP,15,20,SPECIES_MAGIKARP,15,20,SPECIES_REMORAID,10,25,SPECIES_MAGIKARP,10,25,SPECIES_REMORAID,10,25,SPECIES_REMORAID,30,40,SPECIES_GYARADOS,30,40,SPECIES_OCTILLERY,40,55,SPECIES_GYARADOS,40,55,SPECIES_OCTILLERY,40,55,SPECIES_OCTILLERY,SPECIES_SHELLOS,SPECIES_QUAGSIRE,SPECIES_SHELLOS,SPECIES_SHELLOS
APOCSIN_TWINLEAF_TOWN,0,10,0,25,50,75,0,0,0,0,0,0,0,0,0,0,0,0,SPECIES_NONE,SPECIES_NONE,SPECIES_NONE,SPECIES_NONE,SPECIES_NONE,SPECIES_NONE,SPECIES_NONE,SPECIES_NONE,SPECIES_NONE,SPECIES_NONE,SPECIES_NONE,SPECIES_NONE,SPECIES_NONE,SPECIES_NONE,SPECIES_NONE,SPECIES_NONE,SPECIES_NONE,SPECIES_NONE,SPECIES_NONE,SPECIES_NONE,SPECIES_NONE,SPECIES_NONE,SPECIES_NONE,SPECIES_NONE,SPECIES_NONE,SPECIES_NONE,SPECIES_NONE,SPECIES_NONE,SPECIES_NONE,SPECIES_NONE,SPECIES_NONE,SPECIES_NONE,SPECIES_NONE,SPECIES_NONE,SPECIES_NONE,SPECIES_NONE,SPECIES_NONE,SPECIES_NONE,SPECIES_NONE,SPECIES_NONE,20,30,SPECIES_PSYDUCK,20,30,SPECIES_PSYDUCK,20,40,SPECIES_GOLDUCK,20,40,SPECIES_GOLDUCK,20,40,SPECIES_GOLDUCK,0,0,SPECIES_NONE,0,0,SPECIES_NONE,4,6,SPECIES_MAGIKARP,3,7,SPECIES_MAGIKARP,5,10,SPECIES_MAGIKARP,5,10,SPECIES_MAGIKARP,5,15,SPECIES_MAGIKARP,15,20,SPECIES_MAGIKARP,15,20,SPECIES_GOLDEEN,10,25,SPECIES_MAGIKARP,25,35,SPECIES_GOLDEEN,25,35,SPECIES_GOLDEEN,30,40,SPECIES_GYARADOS,30,40,SPECIES_SEAKING,40,55,SPECIES_GYARADOS,40,55,SPECIES_SEAKING,40,55,SPECIES_SEAKING,SPECIES_NONE,SPECIES_NONE,SPECIES_NONE,SPECIES_NONE
APOCSIN_ROUTE_219,0,10,0,25,50,75,0,0,0,0,0,0,0,0,0,0,0,0,SPECIES_NONE,SPECIES_NONE,SPECIES_NONE,SPECIES_NONE,SPECIES_NONE,SPECIES_NONE,SPECIES_NONE,SPECIES_NONE,SPECIES_NONE,SPECIES_NONE,SPECIES_NONE,SPECIES_NONE,SPECIES_NONE,SPECIES_NONE,SPECIES_NONE,SPECIES_NONE,SPECIES_NONE,SPECIES_NONE,SPECIES_NONE,SPECIES_NONE,SPECIES_NONE,SPECIES_NONE,SPECIES_NONE,SPECIES_NONE,SPECIES_NONE,SPECIES_NONE,SPECIES_NONE,SPECIES_NONE,SPECIES_NONE,SPECIES_NONE,SPECIES_NONE,SPECIES_NONE,SPECIES_NONE,SPECIES_NONE,SPECIES_NONE,SPECIES_NONE,SPECIES_NONE,SPECIES_NONE,SPECIES_NONE,SPECIES_NONE,20,30,SPECIES_TENTACOOL,20,30,SPECIES_WINGULL,20,40,SPECIES_TENTACRUEL,20,40,SPECIES_TENTACRUEL,20,40,SPECIES_PELIPPER,0,0,SPECIES_NONE,0,0,SPECIES_NONE,4,6,SPECIES_MAGIKARP,3,7,SPECIES_MAGIKARP,5,10,SPECIES_MAGIKARP,5,10,SPECIES_MAGIKARP,5,15,SPECIES_MAGIKARP,15,20,SPECIES_MAGIKARP,15,20,SPECIES_FINNEON,10,25,SPECIES_MAGIKARP,25,35,SPECIES_LUMINEON,25,35,SPECIES_LUMINEON,30,40,SPECIES_GYARADOS,30,40,SPECIES_LUMINEON,40,55,SPECIES_GYARADOS,40,55,SPECIES_LUMINEON,40,55,SPECIES_LUMINEON,SPECIES_NONE,SPECIES_NONE,SPECIES_NONE,SPECIES_NONE
APOCSIN_ROUTE_220,0,10,0,25,50,75,0,0,0,0,0,0,0,0,0,0,0,0,SPECIES_NONE,SPECIES_NONE,SPECIES_NONE,SPECIES_NONE,SPECIES_NONE,SPECIES_NONE,SPECIES_NONE,SPECIES_NONE,SPECIES_NONE,SPECIES_NONE,SPECIES_NONE,SPECIES_NONE,SPECIES_NONE,SPECIES_NONE,SPECIES_NONE,SPECIES_NONE,SPECIES_NONE,SPECIES_NONE,SPECIES_NONE,SPECIES_NONE,SPECIES_NONE,SPECIES_NONE,SPECIES_NONE,SPECIES_NONE,SPECIES_NONE,SPECIES_NONE,SPECIES_NONE,SPECIES_NONE,SPECIES_NONE,SPECIES_NONE,SPECIES_NONE,SPECIES_NONE,SPECIES_NONE,SPECIES_NONE,SPECIES_NONE,SPECIES_NONE,SPECIES_NONE,SPECIES_NONE,SPECIES_NONE,SPECIES_NONE,20,30,SPECIES_TENTACOOL,20,30,SPECIES_WINGULL,20,40,SPECIES_TENTACRUEL,20,40,SPECIES_TENTACRUEL,20,40,SPECIES_PELIPPER,0,0,SPECIES_NONE,0,0,SPECIES_NONE,4,6,SPECIES_MAGIKARP,3,7,SPECIES_MAGIKARP,5,10,SPECIES_MAGIKARP,5,10,SPECIES_MAGIKARP,5,15,SPECIES_MAGIKARP,15,20,SPECIES_MAGIKARP,15,20,SPECIES_FINNEON,10,25,SPECIES_MAGIKARP,25,35,SPECIES_LUMINEON,25,35,SPECIES_LUMINEON,30,55,SPECIES_GYARADOS,30,40,SPECIES_LUMINEON,20,50,SPECIES_CHINCHOU,40,55,SPECIES_LUMINEON,40,55,SPECIES_LUMINEON,SPECIES_NONE,SPECIES_NONE,SPECIES_NONE,SPECIES_NONE
APOCSIN_ROUTE_221,30,10,0,25,50,75,29,28,28,29,31,30,30,29,31,30,31,30,SPECIES_FLOATZEL,SPECIES_GIRAFARIG,SPECIES_ROSELIA,SPECIES_ROSELIA,SPECIES_SUDOWOODO,SPECIES_SUDOWOODO,SPECIES_GIRAFARIG,SPECIES_SUDOWOODO,SPECIES_FLOATZEL,SPECIES_ROSELIA,SPECIES_FLOATZEL,SPECIES_ROSELIA,SPECIES_FLOATZEL,SPECIES_GIRAFARIG,SPECIES_ROSELIA,SPECIES_ROSELIA,SPECIES_SUDOWOODO,SPECIES_SUDOWOODO,SPECIES_GIRAFARIG,SPECIES_SUDOWOODO,SPECIES_FLOATZEL,SPECIES_ROSELIA,SPECIES_FLOATZEL,SPECIES_ROSELIA,SPECIES_FLOATZEL,SPECIES_GIRAFARIG,SPECIES_FLOATZEL,SPECIES_ROSELIA,SPECIES_SUDOWOODO,SPECIES_SUDOWOODO,SPECIES_GIRAFARIG,SPECIES_SUDOWOODO,SPECIES_FLOATZEL,SPECIES_ROSELIA,SPECIES_FLOATZEL,SPECIES_ROSELIA,SPECIES_FLOATZEL,SPECIES_FLOATZEL,SPECIES_NIDORINO,SPECIES_NIDORINA,20,30,SPECIES_TENTACOOL,20,30,SPECIES_WINGULL,20,40,SPECIES_TENTACRUEL,20,40,SPECIES_TENTACRUEL,20,40,SPECIES_PELIPPER,0,0,SPECIES_NONE,0,0,SPECIES_NONE,4,6,SPECIES_MAGIKARP,3,7,SPECIES_MAGIKARP,5,10,SPECIES_MAGIKARP,5,10,SPECIES_MAGIKARP,5,15,SPECIES_MAGIKARP,15,20,SPECIES_MAGIKARP,15,20,SPECIES_FINNEON,10,25,SPECIES_MAGIKARP,25,35,SPECIES_LUMINEON,25,35,SPECIES_LUMINEON,30,40,SPECIES_GYARADOS,30,40,SPECIES_LUMINEON,40,55,SPECIES_GYARADOS,40,55,SPECIES_LUMINEON,40,55,SPECIES_LUMINEON,SPECIES_FARFETCHD,SPECIES_FARFETCHD,SPECIES_FLOATZEL,SPECIES_FLOATZEL
